:020000040800F2
:10000000300D0024A1030008556300087751000853
:10001000FD600008A51B00086186000800000000C4
:10002000000000000000000000000000D96D000882
:10003000A71B000800000000976B0008056F000870
:10004000BF030008BF030008BF030008BF03000888
:10005000BF030008BF030008BF030008BF03000878
:10006000BF030008BF030008BF030008BF03000868
:10007000BF030008BF030008BF030008BF03000858
:10008000BF030008BF030008BF030008BF03000848
:10009000BF030008BF030008BF030008A91B000836
:1000A000BF030008BF030008BF030008BF03000828
:1000B000BF030008BF030008BF030008BF03000818
:1000C000BF030008BF030008BF030008BF03000808
:1000D000BF0300084986000855860008BF030008D2
:1000E000BF030008BF03000800000000BF030008B2
:1000F000BF030008BF030008BF030008BF030008D8
:10010000BF030008BF030008BF030008BF030008C7
:10011000BF030008BF030008A9700008BF03000860
:10012000BF030008BF030008BF030008BF030008A7
:10013000BF030008BF030008BF030008BF03000897
:1001400000000000000000000000000000000000AF
:10015000BF030008BF030008BF030008BF03000877
:10016000BF030008BF030008BF030008BF03000867
:10017000BF030008BF030008BF030008BF03000857
:10018000BF030008BF030008BF030008BF03000847
:10019000BF030008BF030008BF030008BF03000837
:1001A000BF030008BF030008BF030008BF03000827
:1001B000BF030008BF030008BF030008BF03000817
:1001C000BF030008BF030008BF030008BF03000807
:1001D000BF030008BF030008BF030008BF030008F7
:1001E000BF030008BF030008BF030008BF030008E7
:1001F000BF030008BF030008BF030008BF030008D7
:10020000BF030008BF030008BF030008BF030008C6
:10021000BF030008BF030008BF030008BF030008B6
:10022000BF030008BF030008BF0300080000000070
:10023000BF030008BF03000800000000BF03000860
:10024000BF030008BF030008BF030008BF03000886
:10025000BF030008BF030008BF030008BF03000876
:10026000BF030008BF030008BF030008BF03000866
:10027000BF030008BF030008BF0300080000000020
:10028000BF030008BF030008BF0300080000000010
:1002900000000000BF03000800F002F800F070F852
:1002A0000AA090E8000C82448344AAF10107DA45D1
:1002B00001D100F065F8AFF2090EBAE80F0013F0B3
:1002C000010F18BFFB1A43F001031847408B0000D1
:1002D000608B00000A444FF0000C10F8013B13F053
:1002E000070408BF10F8014B1D1108BF10F8015B8F
:1002F000641E05D010F8016B641E01F8016BF9D182
:1003000013F0080F1EBF10F8014BAD1C0C1B09D1D8
:100310006D1E58BF01F801CBFAD505E014F8016B4A
:1003200001F8016B6D1EF9D59142D6D370470000DC
:100330000023002400250026103A28BF78C1FBD8EE
:10034000520728BF30C148BF0B607047642900F0D6
:100350002D81752900F02A81632900F01484002082
:1003600070471FB508F014FA00F08EFC040000205E
:10037000002108F0F7F9401C60601FBD10B510BDEA
:1003800000F094FC1146FFF7ECFF08F083F900F051
:10039000B2FC03B4FFF7F2FF03BC00F0E9FC00007D
:1003A0000A4880470A4880470A480047FEE7FEE7B8
:1003B000FEE7FEE7FEE7FEE7FEE7FEE7FEE7FEE715
:1003C00005480649064A074B70470000B51B000860
:1003D000B16F00089902000830070024300D002496
:1003E000300900243009002453EA020C00F069802F
:1003F0002DE9F04B4FF00006002B1FBFB3FA83F539
:1004000003FA05F424FA05F65E4012BF1643B2FA69
:1004100082F502FA05F4C5F120051EBF22FA05FC9B
:1004200044EA0C04203556EA044C4FEA144418BF41
:10043000641C4FF000084FF00009904271EB030C70
:1004400039D3002919BFB1FA81F701FA07F6B0FADA
:1004500080F700FA07F6C7F120071EBF20FA07FC55
:1004600046EA0C062037B6FBF4FCA7EB0507103F65
:1004700007F01F0BCBF120060CFA0BFB2CFA06F64B
:1004800044BFB3460026202FA4BF5E464FF0000BAA
:100490005BEA060C08BF4FF0010B19EB0B09ABFB35
:1004A000027C48EB0608C01B06FB02CC0BFB03CC0E
:1004B00071EB0C01C1E70B46024641464846BDE8D8
:1004C000F08B13B54FF000004FF00001AFF3008048
:1004D000BDE81C40704700000FB41CB50C0007AA13
:1004E000009001D02044401E074B7B446946019098
:1004F000069800F01EFB002C03D06946002000F097
:100500002BFB1CBC5DF814FB7506000070B504469F
:1005100085690068C10601D5302600E02026C007A5
:1005200007D070BDD4E9012130469047206A401CB5
:1005300020626D1EF6D570BD70B5044685690078E1
:10054000C00707D170BDD4E9012120209047206A5F
:10055000401C20626D1EF6D570BD70B50C46054678
:10056000012A05D02878800600D5EA69002302E038
:10057000012305E05B1C934202D2E05C0028F9D124
:10058000A869E618C01AA861286A18442862284693
:10059000FFF7BCFF04E0D5E9012114F8010B9047F7
:1005A000B442F8D32846FFF7C7FF70BD2DE9F041EC
:1005B0000646002410687529314616A510D0AFF301
:1005C0000080002802DA404213A507E031688A075C
:1005D00001D512A502E0490704D511A5012401E0C7
:1005E000AFF3008000210A2206F1240709E0B0FBE6
:1005F000F2FCB0FBF2F302FB1C00303078541846DA
:10060000491C0028F3D123462A463046BDE8F04174
:1006100000F030BA000000002D0000002B000000A8
:10062000200000002DE9F05F894604464FF0000AE3
:10063000DFF874B1FB44C0F820A02046E168884789
:10064000002874D0252806D0D4E901219047206ADB
:10065000401C2062F1E700265F462046E16888479B
:100660002028054607DB312D05D2781910F8200C1B
:1006700008B10643F1E7B00701D526F00406C4F837
:100680001CA00027C4F818A02A2D09D0284607F07E
:10069000F9FF38B304EB8708303DC8F8185019E06B
:1006A00059F8041B204604EB87029161E1688847F2
:1006B000012F054618D1E069002820DA26F020062F
:1006C0001DE0D8F8180000EB800005EB4000303842
:1006D000C8F818002046E1688847054607F0D2FFB1
:1006E0000028EED1012F0AD02E2D08D12046E16836
:1006F00088477F1C0546022F46F02006C4DBA06910
:10070000002803DA404246F00106A061F00701D05C
:1007100026F010066C2D0BD0682D09D04C2D39D049
:100720006A2D35D0742D35D07A2D33D016E038E0CF
:10073000E1682F4620468847B842054609D16C2F0C
:1007400026D04FF48060E16806432046884705467E
:1007500004E06C2F1AD04FF4807006430DB3A5F15E
:100760004100192802D8203546F400664A46294639
:10077000204626604E46FFF7E9FD80B101280BD0E8
:10078000F61D26F0070000F1080956E74020E4E7CF
:100790008020D8E70020D6E706F104094DE7284677
:1007A00052E7206ABDE8F09FC08700002DE9F047BE
:1007B00091460F4680460446002614F8015B2DB191
:1007C00000F04CF90068405DC007F6D12B2D02D037
:1007D0002D2D18D0641E4A463946204600F0DFF918
:1007E00027B13968A14201D1C7F800804FF0020457
:1007F00071050BD54042002803DD00F037F9046095
:10080000A007BDE8F08746F48066E4E70028F8DA40
:1008100000F02CF904606FF00040F2E740EA0103B9
:1008200070B59B072ED14FF00136042A2AD308C891
:1008300010C99D1B9D43121F15EAC61517D0D8B2CB
:10084000E1B2401A50EA056110D198B2A1B2401A43
:1008500050EA05410AD123F07F4024F07F41401A3D
:1008600050EA052102D1180EA0EB146070BDA3421E
:10087000DBD018BA21BA884201D9012070BD4FF0EF
:10088000FF3070BD0AB9002070BD10F8013B11F8AF
:10089000014B63B1A3420AD1521E08D010F8013BAC
:1008A00011F8014B1BB1A34201D1521EEDD1181B0F
:1008B00070BD032A40F2308010F0030C00F0158068
:1008C00011F8013BBCF1020F624498BF11F801CB53
:1008D00000F8013B38BF11F8013BA2F1040298BFB8
:1008E00000F801CB38BF00F8013B11F0030300F022
:1008F0002580083AC0F0088051F8043B083A51F8C6
:1009000004CBA0E80810F5E7121D5CBF51F8043BCA
:1009100040F8043BAFF30080D20724BF11F8013B3D
:1009200011F801CB48BF11F8012B24BF00F8013B9F
:1009300000F801CB48BF00F8012B704710B5203AF2
:10094000C0F00B80B1E81850203AA0E81850B1E888
:100950001850A0E81850BFF4F5AF5FEA027C24BF3E
:10096000B1E81850A0E8185044BF18C918C0BDE835
:1009700010405FEA827C24BF51F8043B40F8043BFE
:1009800008BF7047D20728BF31F8023B48BF11F8B3
:10099000012B28BF20F8023B48BF00F8012B70470D
:1009A00002F0FF0343EA032242EA024200F048B9A0
:1009B0004FF0000200B5134694469646203922BFF8
:1009C000A0E80C50A0E80C50B1F12001BFF4F7AF43
:1009D000090728BFA0E80C5048BF0CC05DF804EB25
:1009E000890028BF40F8042B08BF704748BF20F893
:1009F000022B11F0804F18BF00F8012B704710B583
:100A0000044610F0030F08BF11F0030F40F01580EB
:100A10004FF0013E121FC0F20E8051F8043BA3EBD1
:100A20000E0C2CEA030C1CEACE1C08BF40F8043B59
:100A3000F0D0A1F1040102F10402521E08DB11F80A
:100A4000013B002B00F8013BF7D1114600F0F6F80E
:100A5000204610BD704770477047000010B500F089
:100A600013F9001D10BD00BFFD7C00000048704759
:100A7000CC0600242DE9F0470D46994692460446DF
:100A800000F124080168880604D5E06921F010010E
:100A9000216000E00120A84201DD471B00E00027A3
:100AA000A1697A1902EB0900081AA0612078C00632
:100AB00002D42046FFF72AFD002608E0D4E90121F0
:100AC0001AF806009047206A401C761C20624E45AA
:100AD000F4DB2078C0060AD52046FFF717FD06E0B4
:100AE000D4E9012130209047206A401C2062381E42
:100AF000A7F10107F4DC07E0D4E9012118F80500AB
:100B00009047206A401C2062281EA5F10105F3DCF5
:100B10002046FFF711FD2078000602D50220BDE82F
:100B2000F0870120FBE7000001694A1C0261087898
:100B3000704700B58FB0CDE901310021059105491D
:100B40007944CDE9031011466846FFF76BFD0FB0FD
:100B500000BD0000E5FFFFFF0A6802F8010B0A6014
:100B60007047D1E900239A4202D2531C0B601070E7
:100B7000704710B5436913B1AFF3008001E0FFF790
:100B8000ECFC012010BD127800F124010A70002253
:100B90004A700122EDE711684FF0FF32E9E72DE9D5
:100BA000F05F824615468B4600270AF10104B946DC
:100BB0000078302801D09DB113E014F8010B012713
:100BC000782803D0582801D045B10AE00DB1102D86
:100BD00007D1002714F8010B102502E0082500E0DA
:100BE0000A250026B0460EE005FB080005FB06F1CD
:100BF00001271FFA80F801EB1046B6F5803F00D3BD
:100C0000B94614F8010B294600F042F80028EBDA47
:100C1000BBF1000F05D00FB1641E00E05446CBF8C5
:100C20000040B9F1000F06D0FFF720FF022101605C
:100C3000C81EBDE8F09F48EA0640FAE74FF0000200
:100C40000429C0F0128010F0030C3FF4B3AECCF1D5
:100C5000040CBCF1020F18BF00F8012BA8BF20F84C
:100C6000022BA1EB0C01FFF7A5BE5FEAC17C24BFFC
:100C700000F8012B00F8012B48BF00F8012B70474A
:100C800000487047CC06002400487047EC0600245A
:100C90003A2800D2303820F02002412A01D3A2F1B4
:100CA0003700884201D34FF0FF3070477546FFF799
:100CB000E7FFAE4605006946534620F0070085462B
:100CC00018B020B5FFF77CFBBDE820404FF00006D0
:100CD0004FF000074FF000084FF0000B21F0070124
:100CE000AC46ACE8C009ACE8C009ACE8C009ACE867
:100CF000C0098D46704710B50446AFF3008020460A
:100D0000BDE81040FFF745BB4FF0013C50F8042B05
:100D100051F8043B9A4215D1A2EB0C03934313EA1A
:100D2000CC130BD150F8042B51F8043B9A4209D153
:100D3000A2EB0C03934313EACC13E7D04FF000006F
:100D4000704700BFD01A01BAB1FA81F101F0180161
:100D500022FA01F0CB40C1F12001DBB2C0B2C01ACF
:100D60002CFA01F3D11A914311EAC311E6D170476D
:100D700001491820ABBEFEE72600020070470000C4
:100D800006494968002907D002680868824203D1F1
:100D90000821016200F000B970470000140000242F
:100DA00010B501F025FB02498968401A10BD00000A
:100DB000140000240148C06870470000140000249B
:100DC0000148B0F90C007047F802002470B5074CD8
:100DD0000546E07838B101F00BFBA168401AA84243
:100DE00001D8012070BD002070BD00001400002457
:100DF00010B5054C002160606170A170E17001F0D8
:100E0000F7FAA06010BD0000140000240149002082
:100E1000C8707047140000240148C0787047000073
:100E20001400002410B501680A782C2A01D1491C4D
:100E300001600B4601460A221846FFF7B7FCB0F5E1
:100E4000004F02DB47F6FF7010BD0349884201DA0C
:100E5000084610BD00B210BD0080FFFFF8B5044683
:100E60000078254D00264E280AD00422204623A1D2
:100E7000FFF7D4FC20B1207854280AD00020F8BD18
:100E8000EE7001F0B5FAA8602869401C28610220C4
:100E9000F8BD1C483F222146FFF7B1FD194880F8F4
:100EA0003F60401C00906846FFF7BCFF154C403483
:100EB00020806846FFF7B6FF60806846FFF7B2FF04
:100EC000A0806846FFF7AEFFE0806846FFF7AAFF04
:100ED00020816846FFF7A6FF60816846FFF7A2FF02
:100EE000A0810121E97001F083FAA860E868401C44
:100EF000E8600120F8BD00001400002453544F5056
:100F000000000000B802002410B50A4C90B0A07890
:100F100000280DD072B63F2207496846FFF76FFDE3
:100F200000208DF83F00A07062B66846FFF796FF7C
:100F300010B010BD140000247802002414490246A9
:100F400030B44868002820D0126803689A421CD147
:100F50000B7800220F4C0A2B09D00D2B07D04D78AF
:100F60003F2D0CD24A78551C4D70A35408E04B78A5
:100F70002BB18B781BB94D78012362558B704A7069
:100F8000012230BC024904F06BB830BC704700004D
:100F9000140000247802002405494868002805D080
:100FA00000224A708A70012204F05AB8704700008B
:100FB000140000242DE9F041044600F08FFB204985
:100FC00001F5807591F82E0090B391F82F0078B359
:100FD00091F82D0060B3B1F96E00B1F97220831A57
:100FE00003F11800312800D2002341F68B074FF49B
:100FF0009640062603FB00F27C2092FBF7F202EB00
:10100000820292FBF6F27C2A02DC4042824200DA43
:1010100002462868104400EBD0704210501C032890
:1010200000D200222A60A018A1F87030BDE8F0813B
:10103000FFE700202860A1F870002046F6E70000D6
:10104000280000247CB53E4C002694F8350018B1E9
:1010500084F8356005F0E4F894F8370018B184F8A6
:10106000376005F0ADF8374D94F83600B0B1E86957
:1010700028B101F0BDF9E969401A64280ED301F0E6
:10108000B7F9E861002005F0FBF810B9286A401CA8
:10109000286294F83600401E84F8360094F8380030
:1010A000C8B101F0A5F9696A401A782813D326A1BE
:1010B00014230522D1E90001CDE900012448694645
:1010C00003F0FCFF10B9A86A401CA86201F090F977
:1010D000E86284F8386094F8390000B394F8380076
:1010E000E8B901F085F9E96A401AB0F5167F16D320
:1010F00084F8396094F83A00022802D0012803D01D
:101100000BE004F0BFFC08E0022060720C48A4F879
:101110007C608030006A06F04DFC84F83A6000F094
:10112000DDFA94F83400002809D084F8346005F022
:1011300051F9002803D0BDE87C4005F001BA7CBD20
:101140002800002428010024019A00006B00000000
:101150003806002400B58DB0684604F047FA9DEDCE
:10116000000A9FED0A1AF6EE000AB5EEC00AF1EE8B
:1011700010FA02DB40EE010A01E050EE010A0DB068
:10118000BDEEE00A10EE100A00BD00000000C842EB
:1011900070B586B014216846FFF70AFC1148016853
:1011A00041F010010160016801F010010591016832
:1011B00041F0040101600068002401250A4E00F09E
:1011C00004000590802069468DE83100304600F02B
:1011D000DDFF680269468DE83100304600F0D6FF39
:1011E00006B070BDE044025800100258401A44F2A4
:1011F0005062904202DDA0EB4200704744F2506121
:10120000C842FADA49000844704700002DE9F84F57
:1012100004F088FAFFF778FEFE488021FE4FA0F127
:10122000490300905A1E384600F03CFAF94D2C351F
:101230000026A5F1800460B1607A072830D0032829
:1012400037D0042835D0052833D084F83B6004F02B
:10125000C1FBF0484FF40071801C0090A0F14903DD
:1012600038465A1E00F01EFA18B184F83B6000F0B0
:10127000F1FBE8484FF40061B846001D0090A0F172
:10128000490338465A1E00F00DFAA07B01274FF49F
:101290007A7A0028A86B13D020B3A07D38B32DE054
:1012A000E0780321401CB0FBF1F201FB1200E0707A
:1012B000CFE7A86A401CA862E86A401CE862C8E759
:1012C00010B901F095F8A863A07D58B901F090F825
:1012D000A96B401A504513D9A775607A072802D028
:1012E000072060720CE0677284F8377008E0607A5B
:1012F000072803D084F83B6000F08AFBAE63A67534
:101300004FF40051C348801D0090A0F149034046AE
:101310005A1E00F0C7F9C8B1607A072827D0032801
:1013200031D004282FD005282DD094F83B0088B365
:1013300084F83B6084F8376084F8386084F839605A
:1013400084F83A6084F8226084F835700821B14846
:1013500008300090A0F1490340465A1E00F0A2F95F
:101360004FF4FA78D0B101F043F8E86327E0E07871
:101370000228A07804D0401C00F00300A070E5E72C
:1013800027EA0000FAE7A86A401EA862E86A401E41
:10139000E862DBE7FFE703F0EFFED7E7A07CA0B948
:1013A00001F026F8E96B401A40450ED901F020F80B
:1013B000296C401A642808D901F01AF82864607A68
:1013C000072811D00A2000F0C3FA924820210A30E1
:1013D0000090A0F1490391485A1E00F063F9B0B3A0
:1013E00001F006F8686459E0E07848B10128A07877
:1013F00020D068B30128E8D1286B401C2863E4E7BB
:10140000A07858B101280DD002280FD00328DCD1D4
:10141000B4F840003230A4F84000D6E72868401DF8
:101420002860D2E7A08F3230A087CEE7A868401DA1
:10143000A860CAE768B101280FD0022811D003289C
:10144000C3D1B4F842003230A4F84200BDE714E042
:101450000BE06868401D6860B7E7E08F3230E087D6
:10146000B3E7E868401DE860AFE7286A0A30286201
:101470006428AADD64202862A7E7207DA8B900F0CF
:10148000B7FF696C401A40450FD900F0B1FFA96C55
:10149000401A642809D900F0ABFFA864607A0728D5
:1014A00021D06FF0090000F053FADFF874B14FF467
:1014B0008071584600F084FF21794FF05E084FF0AC
:1014C0007609884266D00128207120465CD000BF92
:1014D00080F80690B4F83E00A4F84800A4F8440050
:1014E00056D1286855E0E07848B10128A07824D08A
:1014F00090B30128D9D1286B401E2863D5E7A07886
:1015000068B101280FD0022813D00328CDD1B4F838
:1015100040003228C9D33238A4F84000C5E7286813
:10152000401F2860C1E7A08F3228BED33238A08781
:10153000BBE7A868401FA860B7E770B1012810D0CA
:10154000022814D00328B0D1B4F842003228ACD31A
:101550003238A4F84200A8E70DE06868401F6860D0
:10156000A3E7E08F3228A0D33238E0879DE7E86810
:10157000401FE86099E7286A6FF063010A38286223
:10158000884292DA296290E780F80680A08FA3E76C
:101590006868A861B4F8440060B1401E80B2A4F845
:1015A0004400B4F8481031B1AA69424392FBF1F00B
:1015B000286100E02E614FF40061584600F000FF02
:1015C0006179884217D00128607120460BD000BF96
:1015D00080F80790B4F84200A4F84A00A4F8460046
:1015E00007D1A86806E080F8078000BFB4F8400083
:1015F000F2E7E868E861B4F84600B8B1A0F101008C
:1016000081B2A4F84610B4F84A0080B1EA6902FB3E
:1016100001F207E07C000024001002580008025884
:101620000000025892FBF0F0686100E06E6105F086
:10163000D5FB00F0B7F8B4F84E00401C80B2A4F817
:101640004E00142803D3A4F84E6005F0A9FFB4F8A7
:101650005000401CA4F85000B4F85200401C80B266
:10166000A4F85200C82803D3A4F8526084F8347058
:10167000207E10B1FFF7D0FB80B15046B4F84C107B
:10168000491C89B2A4F84C10814209D35846A4F8E9
:101690004C60BDE8F84F022100F097BEC820EDE78E
:1016A000BDE8F88F70B51D461646049C00F088FE14
:1016B0002978814202D00021287003E02188142972
:1016C00002D2491C218004E03178814201D030707F
:1016D00008B1002070BD012070BD000070B58EB053
:1016E000684603F083FF4FF4967003F089FF0028EB
:1016F0002A484FF000010ED0BDF90C20BDF80E3085
:10170000BDF8104012FB02F6254D13FB036314FBDA
:101710000433AB4205DD80F82E1080F830100EB097
:1017200070BDB0F96E40131B00D55B4290F82F508E
:1017300055B1B3F5487F07DD90F83030032B05D263
:101740005B1C80F83030EAE780F830104FF001037E
:10175000A0F86C201DB190F83050032D06D3A0F8EE
:101760006E2080F82F3080F8301008E0C4EBC40100
:101770001144CA1701EB5271C910A0F86E1090F80D
:101780002D100029B0F86E1002D0B0F87220891A1E
:10179000A0F8701080F82E30C1E700002800002467
:1017A0000084D7172DE9F0413C4C207E002810D052
:1017B000607E00280DD1E07D00280AD0384894F8DA
:1017C000201041B10022102100F007FE002084F813
:1017D0002000BDE8F08194F8211019B1491E84F869
:1017E0002110F6E72D494FF4B2735A4280310D6D46
:1017F0009D4201DD0B6502E0954200DA0A65FF2794
:10180000D1E91356761B002E03D004DD9D4204DA85
:1018100008E02772DDE7954201DC0D65F9E74FF03E
:10182000010801E04FF0000894F808C00127E045E6
:1018300012D00022102100F0D0FDB8F1000F01D02D
:10184000012200E000221748012100F0C6FD84F8C3
:10185000088084F82170BCE7002E02DD4FF0010CF7
:1018600001E04FF0FF3C884665449D4201DD1D4686
:1018700002E0954200DA15460122102100F0ADFD8C
:10188000F61D84F820700F2E01D2032000E0002006
:1018900084F82100C8F84C509BE700002800002481
:1018A000000402580010025830B55C1A039D09D09C
:1018B000401AAD1A591A684301EBD17104D400EBF8
:1018C000610003E0104630BDA0EB610090FBF4F036
:1018D000104430BD38B50C466FF03101884205DC4C
:1018E0000A2200921C220B46490014E0002804DC66
:1018F0000022009213460A220DE032286FF01B02EC
:1019000004DC322300920022114604E06FF037011C
:10191000009164233221FFF7C7FF60434FF46161F8
:1019200004D400F5E16090FBF1F038BDC0F5E16052
:1019300090FBF1F0404238BD04490020A1F1800243
:10194000C865A2F86800086670470000A800002477
:1019500070B50B4C054694F8220000280FD000F01B
:1019600049F800280BD1607A062808D004F18000DD
:10197000006A284400F006F9012084F8340070BDA4
:101980002800002410B5194C01461948226A04F0B9
:10199000A1F8D4E90423A4F180011A44104420657D
:1019A000497A032904D0042904D0052902D003E090
:1019B0000F3800E0143820650D48216A0268D2EB28
:1019C000012100D549428068002800DA4042FF31F9
:1019D000FF30CA17BDE8104001EB12610A12C117AF
:1019E00000EB11600112104600F05CB8A800002462
:1019F000280300240548407A032805D0042803D092
:101A0000052801D0002070470120704728000024DD
:101A100070B505F0ABFF04F009F80D4C0026FF206F
:101A20000125267666766070207204F180000662D9
:101A300084F8225084F82360FFF77EFF6572A4F8D3
:101A40007C6084F83A5084F8395084F8375070BD7F
:101A50002800002470B5114C207E00281CD0607A2C
:101A6000012819D004F18005286A686203F0DEFFBE
:101A7000002684F822600320607200F0B9FC04F5AF
:101A800080710863A4F87C60686A373000F07AF8E7
:101A9000034804F0F2F82E6570BD00002800002411
:101AA00028030024164A10B5537A032B02D0042BC6
:101AB00023D10BE00A2820DC04205072104880302B
:101AC000406A2D3800F05EF8012010BD05284FF067
:101AD000000010DC02290EDCB2F87C10782905D257
:101AE000143189B2A2F87C10782906D3A2F87C00C0
:101AF0000521517201E0A2F87C00002010BD000019
:101B00002800002470B50F4D0026A5F180046E65F5
:101B1000A4F86460AE65FFF70FFF6E6694F82300CB
:101B200040B1288CB5F86810401AA4F86600A4F8F3
:101B30006A0003E0A4F86660A4F86A60BDE870403B
:101B400000F002B8A80000240D49002001F1800235
:101B500081F8240081F8250081F82600106781F8BB
:101B60002700506781F82800906781F8290081F8E4
:101B70002A0081F82B0081F82C00D0677047000004
:101B80002800002406497828086202DD78200862CF
:101B900004E06FF07702904200DA0A62FFF7B2BF0A
:101BA000A8000024FEE77047202000F0E3BA72B6D8
:101BB000FEE70000054805490839026842F00202C4
:101BC000026008688004FCD5704700000C48025889
:101BD0002DE9F84F044600F00BFC00903CB194F85E
:101BE0003500022806D0802161650020E4E0012054
:101BF000BDE8F88FC74DC74EC64918352068303646
:101C0000DFF81483DFF814938842DFF814A3DFF8B9
:101C100014B328D0A84226D0B04224D0404522D0C8
:101C2000484520D050451ED058451CD0BD4A1832DA
:101C3000904218D0BC4A904215D0BB4A183290420C
:101C400011D0B94A303290420DD0B74A4832904252
:101C500009D0B54A6032904205D0B34A78329042FA
:101C600001D0B14A9032026822F00102026020687D
:101C700088422ED0A8422CD0B0422AD0404528D04D
:101C8000484526D0504524D0584522D0A54A183280
:101C900090421ED0A44A90421BD0A34A18329042D0
:101CA00017D0A14A3032904213D09F4A4832904216
:101CB0000FD09D4A603290420BD09B4A78329042BE
:101CC00007D0994A9032904203D0974AA832904266
:101CD00009D1026822F01E0202602068426922F0E7
:101CE0008002426103E0026822F00E02026027686F
:101CF000884938468F424DD0A8424BD0B04249D097
:101D0000404547D0484545D0504543D0584541D03F
:101D10008449183188423DD0834988423AD082496B
:101D20001831884236D080493031884232D07E49DD
:101D3000483188422ED07C49603188422AD07A4985
:101D40007831884226D078499031884222D076492D
:101D5000A83188421ED0754988421BD0734914317E
:101D6000884217D071492831884213D06F493C31DD
:101D700088420FD06D49503188420BD06B49643195
:101D8000884207D069497831884203D067498C314D
:101D90008F4214D1206E016821F4807101600EE041
:101DA00000F026FB0099401A052808D92022626518
:101DB0000321002084F8351084F8340017E73868D0
:101DC000C007EDD1534A0121206890422ED0A8428D
:101DD0002CD0B0422AD0404528D0484526D0504586
:101DE00024D0584522D04F4B183398421ED04E4B2A
:101DF00098421BD04C4B1833984217D04A4B303383
:101E0000984213D0484B483398420FD0464B60332A
:101E100098420BD0444B7833984207D0424B9033D2
:101E2000984203D0404BA833984208D194F85C7094
:101E30003F23A06D07F01F07BB40836007E094F8C5
:101E40005C30A06D03F01F0301FA03F343602068C8
:101E500090424DD0A8424BD0B04249D0404547D0E7
:101E6000484545D0504543D0584541D02D4A1832B9
:101E700090423DD02C4A90423AD02B4A18329042A0
:101E800036D0294A3032904232D0274A48329042E6
:101E90002ED0254A603290422AD0234A783290428E
:101EA00026D0214A9032904222D01F4AA832904236
:101EB0001ED01E4A90421BD01C4A1432904217D0AA
:101EC0001A4A2832904213D0184A3C3290420FD01E
:101ED000164A503290420BD0144A6432904207D0D6
:101EE000124A7832904203D0104A8C3290420BD181
:101EF000D4E919024260E06E30B1026822F48072C7
:101F00000260D4E91C024260002084F8351084F895
:101F100034006DE61000024058000240700002409C
:101F200088000240A00002401004024008540258F9
:101F30002DE9F05F28B190F83510022904D08021F6
:101F400041650120BDE8F09F764A764BDFF8D4C1A9
:101F5000183201683033744CDFF8D0B16145744DEC
:101F6000744E754FDFF8D4E1DFF8D4A1DFF8D491D7
:101F700031D091422FD099422DD0A1422BD059453A
:101F800029D0A94227D0B14225D0B94223D0DFF8C9
:101F9000AC81A8F1780841451DD0DFF8A081A8F1F7
:101FA0006008414517D0DFF89481A8F14808414501
:101FB00011D0DFF88881A8F1300841450BD0DFF857
:101FC0007C81A8F11808414505D0714503D05145E1
:101FD00001D049452AD14FF0040880F83580614589
:101FE0001FD091421DD099421BD0A14219D0594512
:101FF00017D0A94215D0B14213D0B94211D04F48E1
:10200000783881420DD04D486038814209D04B4824
:102010004838814205D049483038814201D047488C
:102020001838086820F00100086078E0D1F80080D6
:1020300028F00108C1F800800168D1F8008028F07C
:102040000E08C1F800800168614546D0914244D035
:10205000994242D0A14240D059453ED0A9423CD0FD
:10206000B1423AD0B94238D0344A783A914234D069
:10207000324A603A914230D0304A483A91422CD0AC
:102080002E4A303A914228D02C4A183A914224D014
:10209000714522D0514520D049451ED02A4A91424F
:1020A0001BD0294A1432914217D0274A2832914234
:1020B00013D0254A3C3291420FD0234A50329142EC
:1020C0000BD0214A6432914207D01F4A78329142A4
:1020D00003D01D4A8C32914218D1026E012113683F
:1020E00023F48073136090F85C30826D03F01F035B
:1020F00099405160D0E919124A60C16E31B10A6845
:1021000022F480720A60D0E91C124A600122016D3B
:10211000002380F8352080F8343001B18847002052
:1021200010E700001000024058000240700002401A
:1021300088000240A0000240B8000240880402402B
:10214000A0040240B80402400854025870B5044686
:1021500000F04EF90546601C02D0044800780444A3
:1021600000F046F9401BA042FAD370BD5C01002488
:1021700003F06EB94FF0B04110B5D1F8882002429B
:1021800003D0C1F88800FFF7F3FF10BD2DE9F84F29
:1021900003247F4D00234FF001094FF0B04B4FF067
:1021A0000F0AEDE009FA03F632407AD00F7907F012
:1021B0000307012F01D0022F19D187684FEA430E80
:1021C000D1F80CC004FA0EF827EA08070CFA0EFC46
:1021D0004CEA070CC0F808C0D0F804C00F792CEA0C
:1021E000060CC7F300179F4047EA0C0747600E79BB
:1021F000F643B60702D18E68012E0BD0C6684FEAAF
:1022000043088F6804FA08FC26EA0C0607FA08F768
:102210003743C7600E7906F00306022E12D1DE089E
:102220000F694FEA437C00EB8606B646366A4FEAF2
:10223000DC6C0AFA0CF807FA0CF726EA08063743B2
:10224000CEF820700F7906684FEA430807F00307BD
:1022500004FA08FC07FA08F726EA0C063743076079
:102260004E6816F4403F1CD04A4E376847F00207CC
:10227000376036689F0706F00206009623F00306D3
:1022800006F1B046B6463F0FD6F80864DFF808817D
:102290000AFA07FC404526EA0C0603D14FF0000C71
:1022A00041E06CE0DFF8F4C0604502D14FF0010C72
:1022B00039E0DFF8ECC0604502D14FF0020C32E0AB
:1022C000DFF8E0C0604502D14FF0030C2BE0DFF8EF
:1022D000D8C0604502D14FF0040C24E0DFF8CCC038
:1022E000604502D14FF0050C1DE0DFF8C4C0604529
:1022F00002D14FF0060C16E0DFF8B8C0604502D1FD
:102300004FF0070C0FE0DFF8B0C0604502D14FF08E
:10231000080C08E0DFF8A4C0604502D14FF0090CBA
:1023200001E04FF00A0C0CFA07FC4CEA060CCEF860
:1023300008C44F68DBF80060FF0226EA020600D5F9
:1023400016435F46CBF80060D1F804C0DBF80460A8
:102350005FEA8C2C26EA020600D516437E606E6882
:102360004F6826EA0206BF0300D516436E602E684A
:102370004F6826EA0206FF0300D516432E605B1C59
:102380000A6832FA03F67FF40DAFBDE8F88F00005B
:1023900080000058F444025800000258000402581B
:1023A00000080258000C025800100258001402588D
:1023B00000180258001C025800200258002402583D
:1023C0000069084000D001207047426921EA0203F9
:1023D0000A4043EA0241816170470AB18161704756
:1023E0000904FBE701480068000C70470010005C1E
:1023F00001488068704700005C01002430B590F807
:102400004120202A24D190F84020012A20D0012305
:1024100080F84030242280F84120202300240268E4
:10242000156825F0010515600268156825F48055CA
:102430001560026815680D43156001680A6842F06E
:1024400001020A6080F8413080F84040002030BD31
:10245000022030BD30B590F84120202A22D190F8DA
:102460004020012A1ED0012380F84030242280F829
:102470004120202400250268136823F00103136023
:102480000268136823F4706343EA01211160016854
:102490000A6842F001020A6080F8414080F840502A
:1024A000002030BD022030BD70B5040004D094F887
:1024B0004100002510B106E0012070BD204684F8DF
:1024C000405000F081F9242084F841002068016820
:1024D00021F001010160D4E9001020F07060086172
:1024E0002068816821F400418160E068216801284A
:1024F000A06830D040F404408860E068022820687A
:1025000041682BD021F40061416020682021154AE8
:102510004368134343602068C26822F40042C260EB
:1025200054F8106B0DCC104340EA0320F06054F8CF
:102530001C3CD4E900021043186054F81C0D0268DA
:1025400042F001020260656484F84110256384F85A
:102550004250002070BD40F40040CDE741F40061DE
:10256000D2E70000008000022DE9FC470025044668
:102570001E4692460195894690F84100202872D166
:1025800020688069C04300046DD594F8400001289C
:1025900069D0012184F8401024204FF0200884F8ED
:1025A00041006564E06801280AD0304A304949EAB0
:1025B0000200084021684860FFF71AFF07460DE057
:1025C0002C492D4A49EA01001040F3E7701C05D060
:1025D000FFF70EFFC01BB0423AD8CEB32068816926
:1025E0008269C1F34010C2F300110843EED02068A5
:1025F0008169C943C90619D50022334620212046E6
:10260000009702F08DFE38B1606C04281BD1216860
:10261000C1F81C80656416E02168C1F81C8084F84C
:102620004180002084F84050BDE8FC871021C16142
:102630000022334620212046009702F071FE10B997
:102640002168C1F81C800198401C01905045A9D315
:1026500084F84180606C84F8405040F02000606451
:102660000120E1E7FFE70220DEE70000002800028A
:10267000FF2B000200200002FF2300022DE9FF4F84
:1026800081B0044690F8410099469046DDF838B094
:1026900020287BD194F84000012877D0012084F8CD
:1026A0004000FFF7A5FE0122064619230090D10342
:1026B000204602F035FE002853D141492122002551
:1026C000C4F82480102084F84120FF2784F84200B9
:1026D0006564A4F82A90608D4FF080794FF0007AFD
:1026E0006563FF2802D94B46278505E0608D534678
:1026F00020850004000C10D0226898F80000906239
:10270000606A401C6062608D401E6085208D401EA6
:102710002085401C0091C2B201E000220091029984
:10272000204602F0E5FD13E002F064FEC8B9606ADD
:10273000216800788862606A401C6062608D401E7B
:102740006085208D401E80B22085618D01B160B111
:10275000608D3246594600282046E5D102F01EFE23
:10276000E0B1012005B0BDE8F08F00225B4680217A
:102770002046009602F0D4FD0028F2D1608DFF289B
:1027800005D927853A464B460095C8E716E0608D87
:1027900053462085009594F82820C0E72168202022
:1027A000084AC86121684B6813404B6084F84100B7
:1027B00084F84250002084F84050D3E70220D1E74B
:1027C0000020008000E800FE2DE9F043B7B0044689
:1027D000142130A8FEF7ECF8C0216846FEF7E8F8AF
:1027E0002E4E12272F494FF00408206808362B4D33
:1027F0000024DFF8AC90884224D1002021940821E5
:10280000CDE90010684600F0C7FA08B1FFF7CFF92C
:10281000286840F0020028602868C021309130A963
:1028200000F00200CDE931743394CDE9348048469C
:10283000FFF7ACFC306840F400103060306800F402
:10284000001027E01849884225D100202194082152
:10285000CDE90010684600F09FFA08B1FFF7A7F92C
:10286000286840F00200286028684FF440613091E9
:1028700030A900F00200CDE931743394CDE9348001
:102880004846FFF783FC306840F4800030603068D1
:1028900000F48000359037B0BDE8F083E044025882
:1028A000000402580054004000580040024881686B
:1028B00002781144816070475C010024032010B548
:1028C00000F0D8F801F0B2F80F4A10491468136804
:1028D000C4F3032203F00F038A5CC95C02F01F02F9
:1028E00001F01F01D0400A4A20FA01F111600949A4
:1028F00008600F2000F010F808B1012010BD00F0B2
:1029000079F8002010BD000018440258E88D000836
:102910006C0100246801002470B50D4D0446287830
:10292000A0B14FF47A71B1FBF0F00A490968B1FB2C
:10293000F0F001F0E1FC48B9102C07D2002221464A
:10294000501E00F077F800206C6070BD012070BD53
:102950005C01002468010024154BF0B5083B427867
:1029600013491A600B680A1F23F001030B604368C8
:102970001360057BC67A827A437B2D07847B45EA08
:102980000665C77B90F809C0067A90F800E045EA32
:10299000C24040EA834040EA444040EA074040EAFF
:1029A0000C2040EA460040EA0E000860F0BD00003E
:1029B000A0ED00E0BFF35F8F044800210368034AE5
:1029C00023F48033036070321160704724ED00E01F
:1029D000074A40F00100064970321060086840F470
:1029E00080300860BFF34F8FBFF36F8F70470000D8
:1029F00024ED00E0074882B0016841F00201016067
:102A0000006800220F2100F002000090901E02B02A
:102A100000F010B8F4440258002809DB410900F026
:102A20001F028900012001F1E0219040C1F800015E
:102A3000704700000E4BF0B41B680D46C3F3022331
:102A4000C3F10706042E00D90426191D072901D257
:102A5000002300E0DB1E012404FA06F19C40491E1D
:102A60002940641E994014402143F0BC05F0F9BD93
:102A70000CED00E0064900F0070210B54FF6FF0428
:102A80000868044B204040EA02201843086010BD4B
:102A90000CED00E00000FA05134970B50A68D24356
:102AA000520705D5096801F00701814213D118E0EA
:102AB0000A6822F0070202430A60FFF799FC0A4DF8
:102AC0004FF47A760446083D07E000BFFFF790FC1C
:102AD000001BB04201D9012070BD2868C0438004AA
:102AE000F4D4002070BD00000C48025810B500F06E
:102AF00057FF05490968054AC1F30211515C01F00D
:102B00001F01C84010BD000020440258E88D000895
:102B1000494930B5484C0B1D0A68143409681D68D2
:102B2000246802F00303C5F30012C1F30531C4F3B6
:102B3000CC04002914FB02F200EE102AF8EE400A41
:102B400075D03F4A9FED3D1AB7EE000A6BB1DFED3D
:102B50003D1A012B01D0022B64D002EE101A11682D
:102B6000F8EE422A81EEA22A21E0334C283C236869
:102B70009B0612D5344B246801EE901A1168C4F3F9
:102B8000C104F8EE612AE34001EE903AC1F3080176
:102B9000F8EE611A81EEA22A0BE001EE901ADFED49
:102BA0002B2A00BFF8EE611A116882EEA12AC1F348
:102BB000080101EE901A1168F8EE611A40EE811AD0
:102BC00071EE800A62EE200AC1F3462101EE101A6E
:102BD000B8EE411A31EE001AC0EE811ABCEEE11ACD
:102BE00080ED001A1168C1F3064101EE101AB8EE2B
:102BF000411A31EE001AC0EE811ABCEEE11A80EDE6
:102C0000011A1168C1F3066101EE101AB8EE411AFB
:102C100031EE000A80EE801ABCEEC10A80ED020A95
:102C200030BD04E001EE901ADFED092ABAE7002179
:102C3000016041608160F3E72844025800000039D8
:102C4000384402580024744A0090D0030024744C85
:102C500020BCBE4B494930B5484C0B1D0A681C349A
:102C600009681D68246802F00303C5F30022C1F35C
:102C70000551C4F3CC04002914FB02F200EE102A23
:102C8000F8EE400A75D03F4A9FED3D1AB7EE000AB4
:102C90006BB1DFED3D1A012B01D0022B64D002EEA7
:102CA000101A1168F8EE422A81EEA22A21E0334C74
:102CB000283C23689B0612D5344B246801EE901AF9
:102CC0001168C4F3C104F8EE612AE34001EE903AC2
:102CD000C1F30801F8EE611A81EEA22A0BE001EEC1
:102CE000901ADFED2B2A00BFF8EE611A116882EE10
:102CF000A12AC1F3080101EE901A1168F8EE611AD9
:102D000040EE811A71EE800A62EE200AC1F346217C
:102D100001EE101AB8EE411A31EE001AC0EE811A17
:102D2000BCEEE11A80ED001A1168C1F3064101EE14
:102D3000101AB8EE411A31EE001AC0EE811ABCEE3C
:102D4000E11A80ED011A1168C1F3066101EE101A53
:102D5000B8EE411A31EE000A80EE801ABCEEC10ACC
:102D600080ED020A30BD04E001EE901ADFED092A81
:102D7000BAE70021016041608160F3E7284402580E
:102D800000000039404402580024744A0090D003E7
:102D90000024744C20BCBE4B2DE9FE4F0546DFF8E5
:102DA000E48350F8081B0024F64FC943019005F155
:102DB0002800264608F12408009008011DD4A86EBA
:102DC00050B1B0F5801F0CD0B0F5001F0ED0B0F59B
:102DD000401F1ED001240FE0386840F400303860F6
:102DE00017E00198022103F0D7FE03E000980221CA
:102DF00003F062FF04000CD026462888C043C005BB
:102E000023D4A86D05281ED2DFE800F00C11161B94
:102E10001B00AA6ED8F8001021F440111143C8F825
:102E20000010EAE7386840F40030386009E00198A3
:102E3000002103F0B1FE03E00098002103F03CFF05
:102E4000044674B100E0012426462888C04380056A
:102E500028D4E86D80281ED00CDC90B140280ED11B
:102E600014E0AA6DD8F8001021F007011143C8F84A
:102E70000010EAE7C02813D0B0F5807F10D00124FD
:102E80000FE0386840F40030386009E00198002114
:102E900003F082FE03E00098002103F00DFF0446DA
:102EA0009CB126462888DFF8DC92C04309F12C0942
:102EB00040052CD4D5F8A800B0F5800F20D00DDC4B
:102EC000A0B1B0F5001F0FD115E0EA6DD8F80010E1
:102ED00021F4E0711143C8F80010E3E7B0F5C00F2A
:102EE00013D0B0F5000F10D001240FE0386840F483
:102EF0000030386009E00198002103F04DFE03E046
:102F00000098002103F0D8FE04467CB126462888AC
:102F1000C04300052DD4D5F8AC00B0F1007F21D01E
:102F20000EDCA8B1B0F1807F10D116E0D5F8A82052
:102F3000D9F8001021F460011143C9F80010E6E748
:102F4000B0F1407F13D0B0F1806F10D001240FE0BA
:102F5000386840F40030386009E00198002103F03F
:102F60001BFE03E00098002103F0A6FE044674B1A6
:102F700026462868C04380011FD4E86CD8B11028C9
:102F80000FD0202812D0302815D0012414E0D5F815
:102F9000AC20D9F8001021F0E0611143C9F800100D
:102FA000E7E7386840F40030386004E00198022117
:102FB00003F0F2FD044674B126462888C043C004DD
:102FC0002BD4286EB0F5005F20D00DDCA0B1B0F599
:102FD000805F0FD115E06B48EA6C2030016821F06A
:102FE000300111430160E8E7B0F5405F13D0B0F560
:102FF000804F10D001240FE0386840F40030386072
:1030000009E00198002103F0C7FD03E000980021CA
:1030100003F052FE04468CB126462888C043800443
:1030200029D4686EB0F5403F23D010DC08B3B0F56A
:10303000803F14D0B0F5003F0FD115E02A6ED8F8CC
:10304000001021F4E0411143C8F80010E5E7B0F5A5
:10305000802F0ED0B0F5A02F0BD001240AE00198EC
:10306000012103F099FD03E00098012103F024FE03
:10307000044694B126462888C04340042AD4D5F893
:10308000B000B0F1405F23D010DC08B3B0F1805F36
:1030900014D0B0F1005F0FD115E06A6ED8F80010BF
:1030A00021F4E0211143C8F80010E4E7B0F1804FAB
:1030B0000ED0B0F1A04F0BD001240AE001980121FD
:1030C00003F06AFD03E00098012103F0F5FD0446DA
:1030D00074B126462888C04300041FD4286FD8B195
:1030E000B0F1805F0ED0B0F1005F10D0012414E089
:1030F000D5F8B020D9F8001021F0E0411143C9F80B
:103100000010E7E7386840F40030386004E00198C8
:10311000012103F041FD044674B126462868C043EE
:10312000C0011ED4A86CD0B101280ED0022811D045
:10313000032814D0012413E02A6FD8F8001021F0DE
:1031400040511143C8F80010E8E7386840F40030F7
:10315000386004E00198022103F01EFD0446ACB182
:1031600026462868DFF81CB0C043ABF11C0B4002B8
:1031700052D40548016841F480710160FFF738F9C5
:10318000824611E02C44025800480258FA48AA6CC2
:10319000016821F0030111430160E2E7FFF728F91C
:1031A000A0EB0A00642835D8F4480068C005F5D5BE
:1031B0008CBBDFF8C4A3B5F8B4100AF1240ADAF81E
:1031C000000001F4407100F44070884211D0DAF838
:1031D0000010DAF8002021F4407142F48032CAF87D
:1031E0000020DAF8002022F48032CAF80020CAF861
:1031F0000010D5F8B400B0F5807F1AD1FFF7F8F8C9
:10320000029012E0FFF7F4F80299411A41F2883077
:1032100081420AD9032426462878DFF85CA3C043FC
:103220000AF1080AC00721D03CE0DAF80000800764
:10323000E8D5D5F8B410C1F30120032858460DD0C5
:10324000016821F47C510160B5F8B420DAF800106F
:10325000C2F30B021143CAF80010DDE7C84A036845
:1032600002EA111223F47C511143ECE7E86F1828AD
:1032700016D005DCA0B1082808D0102804D10AE037
:1032800020280DD028280BD001240AE00198012124
:1032900003F082FC03E00098012103F00DFD0446D9
:1032A00064B126462878C04380071ED4A86F06283C
:1032B00019D2DFE800F0160C11161616EA6FDAF8CC
:1032C000001021F038011143CAF80010EAE7019814
:1032D000012103F061FC03E00098012103F0ECFC04
:1032E00004467CB100E0012426462878C04340070C
:1032F0001FD4D5F89400062819D2DFE800F0160C88
:1033000011161616AA6FDAF8001021F00701114302
:10331000CAF80010E9E70198012103F03DFC03E041
:103320000098012103F0C8FC0446A4B100E0012488
:1033300026462878C04380062BD4D5F89000B0F1FB
:10334000405F24D011DC10B3B0F1805F15D0B0F134
:10335000005F10D116E0D5F89420D9F8001021F0C4
:1033600007011143C9F80010E3E7B0F1804F0ED018
:10337000B0F1A04F0BD001240AE00198002103F026
:103380000BFC03E00098022103F096FC044694B184
:1033900026462878C04340062BD4D5F89C00B0F5CB
:1033A000406F24D011DC10B3B0F5806F15D0B0F5AC
:1033B000006F10D116E0D5F89020DAF8001021F057
:1033C000E0411143CAF80010E3E7B0F5805F0ED08A
:1033D000B0F5A05F0BD001240AE00198002103F0B2
:1033E000DBFB03E00098022103F066FC044694B185
:1033F00026462878C04300062BD4D5F8A000B0F5A7
:10340000C04F24D011DC10B3B0F5005F15D0B0F57B
:10341000804F10D116E0D5F89C20D9F8001021F487
:10342000E0511143C9F80010E3E7B0F5004F0ED0AA
:10343000B0F5204F0BD001240AE00198002103F0E1
:10344000ABFB03E00098022103F036FC044654B1C4
:1034500026462878C04300071ED4D5F88400B0F56E
:10346000805F0AD00FE0D5F8A020D9F8001021F431
:1034700060411143C9F80010EBE70098022103F006
:103480001BFC00B10126D5F88420DAF8001021F4E5
:1034900040511143CAF800102878C043C00613D425
:1034A000D5F89800B0F5807F05D10098022103F08F
:1034B00003FC00B10126D5F89820D9F8001021F4BA
:1034C00040711143C9F800102868C043000316D4A6
:1034D000D5F8A40038B1B0F5803F09D0B0F5003F71
:1034E0000BD001240AE00198002103F055FB03E012
:1034F0000098022103F0E0FB04468CB126462868C0
:10350000C043400322D4D5F88800B0F5801F11D005
:10351000B0F5001F13D0B0F5401F15D0012414E002
:10352000D5F8A420D9F8001021F440311143C9F88E
:103530000010E4E7386840F40030386004E0009898
:10354000012103F0B9FB04465CB126462868C0435C
:10355000C00323D4286DA8B1B0F5803F17D0012453
:103560001BE0D5F88820DAF8001021F4401111434F
:10357000CAF80010EAE700004C440258004802581C
:10358000CFFFFF00386840F40030386004E0019855
:10359000022103F001FB0446E4B126462868C0433B
:1035A000800005D40098022103F086FB00B10126BB
:1035B0002868C04380031BD4D5F88000B0B1B0F5B3
:1035C000807F0FD0B0F5007F10D0B0F5407F0DD0D8
:1035D00001240CE05A482A6D016821F4803111431E
:1035E0000160DBE7386840F400303860ECB3264611
:1035F0002868C043C00207D46A6FD8F8001021F0D1
:1036000000411143C8F800102868C043C00008D426
:10361000D5F8B820DBF8001021F480411143CBF835
:1036200000102868C043800207D4EA6ED8F8001062
:1036300021F080711143C8F800102868C043400091
:103640000CD4DBF8001021F40041CBF80010DBF8BB
:103650000010D5F8BC201143CBF800102868C043F7
:1036600008D437486A6D016800E018E021F0405145
:10367000114301602868C043000208D4D5F88C20AB
:10368000DAF8001021F440011143CAF8001028793B
:103690000024C04300F0010020430AD00FE0D5F819
:1036A0008020DAF8001021F440711143CAF80010AC
:1036B0009EE70198002103F06FFA00B106462879D1
:1036C000C04300F00200204305D10198012103F01E
:1036D00063FA00B106462879C04300F00400204395
:1036E00005D10198022103F057FA00B10646287966
:1036F000C04300F00800204305D10098002103F0EA
:10370000DBFA00B106462879C04300F010002043E0
:1037100005D10098012103F0CFFA00B106462879BF
:10372000C04300F02000044304D10098022103F0BC
:10373000C3FA00B916B10120BDE8FE8F0020FBE7F7
:103740004C4402582DE9F05F04000F467ED0DFF8AC
:103750003882D8F8000000F00F00B8420CD2D8F838
:10376000001021F00F013943C8F80010D8F800000C
:1037700000F00F00B84269D12078844D40070AD587
:103780002069296801F07001884204D9296821F074
:1037900070010143296020787C4E361D00070AD550
:1037A0006069316801F07001884204D9316821F004
:1037B0007001014331602078C0060AD5A0693168E4
:1037C00001F4E061884204D9316821F4E0610143E9
:1037D00031602078DFF8B4B180060BF1080B0CD50E
:1037E000E1695846DBF8002002F07002914204D9EA
:1037F000026822F070020A430260207880070AD52E
:10380000E068296801F00F01884204D9296821F095
:103810000F01014329602078C0073ED05B49A268B0
:103820002868183920F47060104328606068022806
:1038300018D0032819D00968012819D04907002990
:103840004ADADFF848A1AAF1080A00E044E0DAF811
:10385000002022F007020243CAF80020FEF7C8FD4C
:10386000814612E009688903E9E709688901E6E70A
:10387000C905E4E7FEF7BCFDA0EB090141F2883081
:10388000814202D90320BDE8F09F6168DAF80000A8
:1038900000F03800B0EBC10FECD1207880070AD5DA
:1038A000E068296801F00F01884204D2296821F0FC
:1038B0000F0101432960D8F80010404601F00F01C4
:1038C000B9420BD9016821F00F013943016000684A
:1038D00000F00F00B84201D00120D4E72078400763
:1038E0000AD52069296801F07001884204D229684C
:1038F00021F0700101432960207800070AD5606932
:10390000316801F07001884204D2316821F0700101
:10391000014331602078C0060AD5A069316801F4FE
:10392000E061884204D2316821F4E06101433160F2
:10393000207880060CD5E1695846DBF8002002F0BB
:103940007002914204D2026822F070020A430260BF
:1039500000F06CF80E492A682B68C2F3032203F0CA
:103960000F038A5CC95C02F01F0201F01F01D04006
:10397000084A20FA01F11160074908600748006809
:10398000BDE8F05FFEF7C8BF00200052184402589F
:10399000E88D00086C010024680100246001002407
:1039A00030B500F043F80B4A0B490C4B156814680E
:1039B000C5F3032204F00F048A5C095D02F01F02C4
:1039C00001F01F01D040064A20FA01F11960106091
:1039D000084630BD18440258E88D00086C010024E8
:1039E0006801002400B5FFF7DBFF05490968054AB7
:1039F000C1F30211515C01F01F01C84000BD00007D
:103A00001C440258E88D000800B5FFF7C9FF0549BE
:103A10000968054AC1F30221515C01F01F01C84049
:103A200000BD00001C440258E88D0008454970B5EF
:103A300045480968434B103B11F0380208D001118A
:103A4000082A03D0102A0BD0182A0BD0084670BDC4
:103A500019688906FBD51968C1F3C101C84070BD5A
:103A60003A4870BD3749374D18310C1D24350A6866
:103A7000096826682D6802F0030406F00102C1F30C
:103A80000511C5F3CC0515FB02F200EE102AB8EEC5
:103A9000400AE9B32F4ADFED2E0AB7EE001A6CB1E7
:103AA000DFED2D1A012C01D0022C43D002EE101AAA
:103AB0001068F8EE422A81EEA22A1EE01C68A406D5
:103AC00011D51B6801EE901A1168C3F3C103F8EE1B
:103AD000612AD84001EE900AC1F30800F8EE611A9D
:103AE00081EEA22A0BE001EE901ADFED1C2A00BF46
:103AF000F8EE611A106882EEA12AC0F3080001EE08
:103B0000900AF8EE611A40EE201A31EE810A00E0C8
:103B100015E022EE000A1068C0F34620401C00EEBB
:103B2000900AF8EE600A80EE201ABCEEC10A10EE90
:103B3000100A70BD01EE901ADFED092AD8E70020C7
:103B400070BD0000104402580090D00340787D0101
:103B500000000039304402580024744A0024744C98
:103B600020BCBE4B2DE9F05F04007DD0FF4F2078D4
:103B7000FE4D1837DFF8F493103DC00748D0D9F850
:103B80000000396800F03800102815D0182803D13B
:103B900001F0030002280FD06068B0F5803F12D01A
:103BA00010B1B0F5A02F18D0286820F4803028601C
:103BB000286820F4802009E02868800328D5606800
:103BC0000028D2D024E0286840F480302860606863
:103BD00088B1FEF70DFC064609E0286840F4802015
:103BE0002860F0E7FEF704FC801B64286FD8286883
:103BF0008003F7D50CE0FEF7FBFB064605E000BFAF
:103C0000FEF7F6FB801B6428F0D828688003F7D401
:103C1000207841F20308D54E0C3E800769D5D9F8CB
:103C20000000396810F038000ED0182801D188073C
:103C30000AD0E06890B3296821F019010143296096
:103C4000FEF7D6FB824631E02868400702D5E068DF
:103C500000288AD0E168286820F01900084328600D
:103C6000FEF7C6FB824607E0DFE000BFFEF7C0FBC1
:103C7000A0EB0A000228B9D828684007F6D500BF93
:103C8000FEF7B0FB40451BD82069402812D03168B0
:103C900021F47C3141EA003030602AE018E000BFB6
:103CA000FEF7A6FBA0EB0A0002289FD82868400771
:103CB000F6D5E5E7306820F47C3040F40030EBE7DF
:103CC000207C316821F0FE4141EA0060E4E70DE12B
:103CD000286820F001002860FEF78AFB824605E094
:103CE000FEF786FBA0EB0A0002288DD82868400763
:103CF000F6D42078C0065DD5D9F80000DFF86CB2A4
:103D0000396800F03800ABF1040B082810D01828EF
:103D100003D101F0030001280AD0E06900282868D7
:103D200038D040F080002860FEF762FB824623E036
:103D30002868C00523D5E069802876D11FE0206A75
:103D4000202821D0316821F0F84141EA80603060BC
:103D500030E000BF94F82010DBF8002022F07C5205
:103D600042EA0161CBF8001024E000BFFEF740FBFF
:103D7000A0EB0A00022898D82868C005F6D5FEF7FF
:103D800031FB4045E6D8DAE7306820F0F84040F0F3
:103D90008040DCE720F080002860FEF729FB064623
:103DA00005E000BFFEF724FB801B02289DD8286891
:103DB000C005F7D42078000729D56C4861696430C4
:103DC00000298046016811D041F001010160FEF731
:103DD0000FFB064605E000BFFEF70AFB801B02282A
:103DE000C9D8D8F800008007F6D510E021F001010D
:103DF0000160FEF7FDFA064605E000BFFEF7F8FA9F
:103E0000801B022872D8D8F800008007F6D42078EA
:103E1000800623D5A0690028286810D040F480507F
:103E20002860FEF7E5FA064605E036E1FEF7E0FA1F
:103E3000801B02285AD828688004F7D50EE020F4A9
:103E400080502860FEF7D4FA064604E0FEF7D0FA68
:103E5000801B02284AD828688004F7D420784007BD
:103E60004FD5DFF80C81D8F8001041F48071C8F804
:103E70000010FEF7BDFA064605E000BFFEF7B8FAEF
:103E8000801B642832D8D8F80000C005F6D5374E1C
:103E9000A068603601280AD008B1052813D0306820
:103EA00020F001003060306820F0040002E030684B
:103EB00040F001003060A06841F2883A90B1FEF70E
:103EC00097FA80460AE0306840F004003060EEE780
:103ED000FEF78EFAA0EB0801514507D8306880073D
:103EE000F6D50EE0FEF784FA804607E084E000BFD6
:103EF000FEF77EFAA0EB080151457DD830688007B7
:103F0000F6D4606AB0B3DFF86480D9F8001008F125
:103F100020084FF6F87B08F10409C1F3C201032918
:103F2000A8F1040A69D00228286820F0807028606F
:103F300003D0FEF75DFA044684E0FEF759FA064620
:103F400005E000BFFEF754FA801B022877D82868E6
:103F50008001F7D4E26A40F2F331386854F8283F20
:103F6000884340EA02101843386004E010440258C5
:103F700000480258B5E0217B434622894FF4FE0CED
:103F8000208A4FF0FE474902267D521E401EA1F5B1
:103F90000071C2F308088AB2761E0CEA004042EAB9
:103FA00008020243504607EA06610A431A60DAF83B
:103FB000002022F00102CAF80020D9F80020266A69
:103FC00022EA0B0242EAC602C9F80020DAF8001021
:103FD000A26921F00C011143CAF800100168E269DE
:103FE00021F0020111430160016841F48031016058
:103FF000016841F4003101E021E027E0016001683F
:1040000041F480210160016841F0010101602868EC
:1040100040F080702860FEF7EBF9044605E000BF31
:10402000FEF7E6F9001B022809D828688001F7D5B9
:1040300057E000BFFEF7DCF9001B022802D903207D
:10404000BDE8F09F28688001F4D44AE0396801286F
:10405000D8F8000021D0A26A01F0030393421CD1DA
:10406000E26AC1F305118A4217D1216BC0F308023D
:10407000491E8A4211D1616BC0F34622491E91420A
:104080000BD1A16BC0F30642491E914205D1E16BF1
:10409000C0F30660491E814201D00120D0E7A16C27
:1040A0004E46D9F80000C0F3CC00814219D0DAF8AE
:1040B0000000554620F00100CAF80000FEF798F90C
:1040C0004FEA0007FEF794F9B842FBD0A26C3068C3
:1040D00020EA0B0040EAC2003060286840F001008E
:1040E00028600020ACE700002DE9F047040029D04B
:1040F000594A4FF000092068584B594D9042C4F876
:10410000289006D0984204D0A84202D0E1680F2936
:1041100018D8E1684FF0010AE76B0831C9080AEBCB
:1041200057167143904205D0984203D0A84201D05F
:10413000082907D8904203D0984201D0A84204D160
:10414000102902D90120BDE8F08794F8810020B938
:10415000204684F8809000F085F8022084F88100E1
:104160002068016821F0010101602068A16982686E
:10417000B1F1806F02F4F81110D16268B2F5800FCE
:1041800001D01AB10AE0A26B22B107E0A26BB2F132
:10419000805F03D1026842F480520260606840028E
:1041A00009D5E068072806D32068236D026822F449
:1041B00080721A4303E02068026822F48072026071
:1041C000A66AE069E26B25683043E3680A4310435E
:1041D0001843A860D4E90D02D4E90581636A256912
:1041E0001843D4F820C00A43266810432843A56D1D
:1041F000D4E90172D4E9123140EA080040EA0C0027
:1042000038430843104318432843F060606868B996
:104210002068816821F4C05141F400618160206808
:10422000816821F4C06141F4806181602068016D82
:1042300021F0010101656068400206D52068626DC9
:10424000C16821F000411143C160C4F8849084F832
:1042500081A0002077E700000030014000380040D6
:10426000003C004010B5B6B00446142130A8FCF75D
:104270009FFBC0216846FCF79BFB184920688842D9
:104280002AD1811400201890CDE900106846FEF76D
:1042900083FD08B1FDF78BFC1148016841F48051A2
:1042A0000160006800F4805035900D4810380168B6
:1042B00041F00101016000680DF1C00C022100F025
:1042C00001003590E0200122032305248CE81F0023
:1042D000044830A9FDF75AFF36B010BD0030014048
:1042E000F044025800000258024A136883430B430B
:1042F0001360704704040058401EB0F1807F10B571
:1043000001D3012010BD4FF0E02460610F21601740
:1043100004F0A7F90020A0610721216110BD7047BA
:1043200070477047F0B590F83C20012A3BD01F4EF3
:10433000012480F83C40022280F83D2002681C4D98
:104340005368B242D2F808C001D0AA4203D14F68E4
:1043500023F470033B430F6823F070031F4357603F
:104360000268B24213D0B2F1804F10D0114B9A4282
:104370000DD0114B9A420AD0104B9A4207D0AA4254
:1043800005D00F4B9A4202D00E4B9A4204D1896855
:104390002CF0800319439160002180F83D4080F8A3
:1043A0003C100846F0BD0220F0BD000000000140B6
:1043B000000401400004004000080040000C0040E0
:1043C000001800400040014010B5040003D094F8EC
:1043D0003D0010B107E0012010BD002084F83C0032
:1043E000204600F023F8022084F83D002068211DBB
:1043F00002F060FE012084F8480084F83E0084F852
:104400003F0084F8400084F8410084F8420084F8BA
:10441000430084F8440084F8450084F8460084F89A
:10442000470084F83D00002010BD000008B5114A87
:1044300001681148914208D1016841F00201016010
:10444000006800F00200009008BD0C4A9142FBD1C8
:10445000016841F01001016000680022052100F0B0
:10446000100000903620FEF7E5FABDE8084036203F
:10447000FEF7D2BA00040040E844025800100040A1
:1044800090F83D10012901D001207047174A022100
:1044900080F83D100168CB6843F00103CB600068F1
:1044A000904214D0B0F1804F11D0114988420ED003
:1044B000104988420BD01049884208D00F498842E1
:1044C00005D00F49884202D00E49884207D1816841
:1044D0000D4A1140062906D0B1F5803F03D001688E
:1044E00041F0010101600020704700000000014020
:1044F0000004004000080040000C0040000401409F
:1045000000180040004001400700010070B504465B
:1045100090F83C000025012814D03A4B012684F87D
:104520003C60022084F83D0022689068184020F426
:104530007F409060086870282FD010DC10F00F0FBB
:1045400003D022E04FF0020070BD4FEA2012072A8C
:104550001BD2DFE802F0535353534B394100B0F103
:10456000101F4BD009DCB0F5805F0FD0B0F5005FB5
:104570001ED0B0F5801F08D140E0A0F58011203991
:104580003CD010293AD0202938D0012584F83D604C
:10459000002084F83C00284670BD4A682068D1E9B4
:1045A000021302F0FAFD2068816841F0770109E00A
:1045B0004A682068D1E9021302F0EFFD20688168A3
:1045C00041F480418160E1E7CA684968206802F0EF
:1045D00099FF2068502106E0CA684968206802F007
:1045E000BFFF2068602102F0E1FDCFE7CA6849689B
:1045F000206802F087FF20684021F4E72268014626
:104600001046F0E788FFCEFF70472DE9F0410446E1
:1046100000680027C6680569A90713D5B10711D539
:10462000FA1E0261012121772068806980072046F7
:1046300002D0FFF7E9FF04E000F0B4F8204600F0F4
:1046400076F92777680716D5700714D522680220F7
:104650006FF00401116120772068806910F4407FB9
:10466000204602D0FFF7D0FF04E000F09BF8204680
:1046700000F05DF92777280715D5300713D5226894
:1046800004206FF00801116120772068C06980075D
:10469000204602D0FFF7B8FF04E000F083F8204680
:1046A00000F045F92777E80616D5F00614D52268FC
:1046B00008206FF01001116120772068C06910F4A4
:1046C000407F204602D0FFF79FFF04E000F06AF829
:1046D000204600F02CF92777E80708D0F00706D02D
:1046E00021686FF001000861204600F079F9280682
:1046F00001D4A80408D5300606D521686FF402500D
:1047000008612046FFF70CFEE80508D5300606D5FF
:1047100021686FF4807008612046FFF700FE68068C
:1047200008D5700606D521686FF040000861204664
:1047300000F060F9A8060AD5B00608D521686FF028
:10474000200008612046BDE8F041FFF7EABDBDE862
:10475000F081000010B586B0044614216846FCF7CD
:1047600027F90D492068884214D10C48016841F0AE
:104770000201016000680021102200F00200059093
:1047800002200092CDE90101CDE9031004486946F9
:10479000FDF7FCFC06B010BD00040040E0440258E8
:1047A00000040258704770B5044690F83C0000269B
:1047B0000D4601280BD0012084F83C000C2A4AD079
:1047C00007DC82B1042A20D0082A06D131E0022079
:1047D00070BD102A53D0142A63D00126002084F81B
:1047E0003C00304670BD206802F0EAFC2068816918
:1047F00041F0080181612068816921F00401816133
:1048000020682A698169114311E0206802F02EFDB9
:104810002068816941F4006181612068816921F427
:104820008061816120682969826942EA0121816190
:10483000D4E7206802F068FD2068C16941F00801F2
:10484000C1612068C16921F00401C16120682A6941
:10485000C169114311E0206802F0A4FD2068C1691C
:1048600041F40061C1612068C16921F48061C161C6
:1048700020682969C26942EA0121C161AEE7206866
:1048800002F0CCFD2068416D41F0080141652068CF
:10489000416D21F00401416520682A69416D114391
:1048A00011E0206802F0F4FD2068416D41F40061E0
:1048B00041652068416D21F4806141652068296966
:1048C000426D42EA0121416588E710B5040003D03A
:1048D00094F83D0010B107E0012010BD002084F8DD
:1048E0003C00204600F022F8022084F83D002068B9
:1048F000211D02F0DFFB012084F8480084F83E000F
:1049000084F83F0084F8400084F8410084F84200B5
:1049100084F8430084F8440084F8450084F8460095
:1049200084F8470084F83D00002010BD70477047B0
:1049300030B50022044600680D4602F021FC2349F0
:10494000214B20688A1298420BD0214B984208D004
:10495000204B984205D0204B984202D01F4B9842E2
:1049600009D1036A0B4206D1036A134203D1436C97
:1049700023F4004343642068036A0B4206D1016AB2
:10498000114203D1016821F0010101604FF00100E3
:104990005DB1042D0CD0082D0DD00C2D0ED0102D96
:1049A0000FD084F84300002030BD84F83E00FAE7C1
:1049B00084F83F00F7E784F84000F4E784F841000A
:1049C000F1E784F84200EEE7000001401111110008
:1049D0000004014000400140004401400048014003
:1049E00000680349884201D1FCF710BC7047000001
:1049F00000100040704730B590F88410012918D09D
:104A0000012280F884202421C0F88810002220246C
:104A100001680B680D6823F0005325F001050D6057
:104A2000426601680B60C0F8884080F88420104618
:104A300030BD022030BD7047704770B5044690F815
:104A4000840001281DD0012284F884202420C4F889
:104A5000880020680568026822F001020260206870
:104A6000826822F060620A438260204602F0D2FF30
:104A70002268202100201560C4F8881084F8840082
:104A800070BD022070BD70B5044690F88400012806
:104A90001DD0012284F884202420C4F888002068D6
:104AA0000568026822F0010202602068826822F034
:104AB00060420A438260204602F0ACFF2268202157
:104AC00000201560C4F8881084F8840070BD0220AE
:104AD00070BD7047704710B5044600F06BFE20466D
:104AE000BDE81040FCF74CB92DE9F04107680025FE
:104AF000044640F60F030226F8693968BA6818427E
:104B00000AD183067ED501F0200302F0805C53EACF
:104B10000C0377D0616F7EE1D44BDFF854C31340B0
:104B200001EA0C0C53EA0C0C6CD05FEAC07C0CD090
:104B30005FEAC15C09D54FF0010CC7F820C0D4F87A
:104B4000907047F00107C4F89070870709D5D70720
:104B500007D027683E62D4F8906046F00406C4F897
:104B6000906046070AD5D60708D0276804263E621B
:104B7000D4F8906046F00206C4F8906006070CD5A1
:104B800001F020061E4308D0266808233362D4F8BB
:104B9000903043F00803C4F8903003050BD54B0167
:104BA00009D526684FF400633362D4F8903043F09F
:104BB0002003C4F89030D4F89030002B3DD080060C
:104BC00009D501F0200002F08051084303D0616F45
:104BD00009B1204688472168D4F8900089684906C1
:104BE00002D410F0280F2AD0204602F0F3FF2068EC
:104BF000806840061ED52068083050E8001F21F06C
:104C0000400100E021E040E80012002AF3D1D4F88E
:104C1000800078B197490165D4F88000FDF788F9E4
:104C200000280AD0D4F88000016D00E02046BDE8DD
:104C3000F04108472046FFF74EFFBDE8F0812046CF
:104C4000FFF749FFC4F89050F7E7D4F86CC0202371
:104C5000BCF1010F7ED15FEAC06C7BD55FEAC16C0D
:104C600078D51020386220688068400673D5D4F863
:104C7000802081491068884234D07F4918318842A9
:104C800030D07D49303188422CD07B494831884230
:104C900028D079496031884224D0774978318842D8
:104CA00020D07549903188421CD07349A831884280
:104CB00018D07249884215D070491831884211D0F5
:104CC0006E49303188420DD06C494831884209D054
:104CD0006A496031884205D068497831884201D0FC
:104CE0006649903140684FF480770004000C40D052
:104CF000B4F85C1081423CD9A4F85E00D069B84297
:104D00002FD0216851E8000F20F4807041E80002A4
:104D1000002AF6D12068083050E8001F21F0010178
:104D200040E80012002AF5D12068083050E8001F42
:104D300021F0400140E80012002AF5D1C4F88C307F
:104D4000E566206850E8001F21F0100140E80012DD
:104D5000002A01E04AE019E0F3D1D4F88000FCF722
:104D600037FF2667B4F85C00B4F85E10401A81B2D1
:104D700008E0B4F85C1081427FF466AFD069B842B5
:104D8000FAD126672046FFF756FE56E7B4F85C00D6
:104D9000B4F85E10B4F85E20401A81B2002AF4D054
:104DA0000029F2D0226852E8000F20F4907042E807
:104DB0000007002FF6D1324F206800F1080050E8BC
:104DC000002F02EA070240E8002CBCF1000FF3D1EB
:104DD000C4F88C30E5666567226852E8000F20F061
:104DE000100042E80003002BF6D1CAE7C60209D53D
:104DF000560207D54FF4801038622046BDE8F041D6
:104E0000FFF768BE06060AD501F0800602F400022C
:104E1000164304D0A16F00297FF408AF0DE74206C6
:104E200011D54A060FD52046016851E8002F22F01F
:104E3000400241E80024002CF6D1C0F88830856794
:104E400000F098F9F9E6020206D54A0004D520469A
:104E5000BDE8F041FFF73DBEC00196D5002994DAC8
:104E60002046BDE8F041FFF7E7BD0000010000105B
:104E700020010004CB7B0008100002401004024017
:104E8000FEFFFFEF10B5040003D0D4F8880010B186
:104E900007E0012010BD002084F88400204600F0C7
:104EA00027F82420C4F888002068016821F0010157
:104EB0000160A06A10B1204602F0CEFD204603F04A
:104EC0001BF90128E6D02068416821F49041416037
:104ED0002068816821F02A0181602068016841F022
:104EE000010101602046BDE8104002F019BE00003B
:104EF0002DE9F043B7B00446142130A8FBF758FD64
:104F0000C0216846FBF754FD504902262068072758
:104F10004C4D0024DFF8309188422ED100201F94A0
:104F20000121CDE900106846FDF736FF08B1FCF716
:104F30003EFE44481030016841F0100101600068F5
:104F400000F010003590286840F0010028602868C3
:104F500030A900F0010035904FF4C0603090CDE9E9
:104F60003164CDE933474846FDF710F900220621A8
:104F70002520FDF75FFD252032E03549DFF8D4809C
:104F8000884232D100201E940221CDE900106846EB
:104F9000FDF702FF08B1FCF70AFED8F8001041F453
:104FA0000031C8F80010D8F8000000F40030359047
:104FB000286840F001002860286830A900F001004E
:104FC00035900C203090CDE93164CDE93347484627
:104FD000FDF7DCF8002207212620FDF72BFD262017
:104FE000FDF71AFD37B0BDE8F0831B498842F9D1BF
:104FF00000201E940221CDE900106846FDF7CCFE8A
:1050000008B1FCF7D4FDD8F8001041F48021C8F8AD
:105010000010D8F8000000F480203590286840F097
:1050200004002860286830A900F0040035904FF48F
:1050300040603090CDE931640848CDE93347FDF751
:10504000A5F8CFE7E04402580000025800100140E4
:1050500000440040E844025800480040000802585C
:1050600030B4D0F88C30202B02D0022030BC7047F6
:10507000A9B1A2B10B4D00240368C466AB420BD0AA
:105080005B681B0208D5046854E8003F43F0806366
:1050900044E80035002DF6D130BC03F003BA0120FE
:1050A000E4E70000000C005810B5044600F094FB43
:1050B0002046BDE81040FBF741BF00002DE9F84F46
:1050C0000446D0F88800984615460E46202802D09F
:1050D0000220BDE8F88F96B38DB300214FF021096F
:1050E000C4F89010C4F888901834FDF781F982460E
:1050F00054F8100CA587E587183CB0F5805F01D106
:10510000206910B13546002600E000255FF0200739
:10511000B4F8560053464FF00002CDF80080E0B1DD
:105120008021204603F046FAE0B955B115F8010B8D
:1051300021688862D4F8881039EA010007D001207C
:10514000C7E736F8020B2168C0F30800F1E7B4F8AE
:105150005600401EA4F85600DAE74021204603F02E
:1051600029FA18B1C4F888700320B2E7C4F888702F
:105170000020AEE77047FEE710B502F0F7FB00F045
:1051800055FC0D480021FF23012201764176437032
:10519000037200F18003417280F82210A0F87C10A5
:1051A000196280F8231080F83A1080F8391080F8DE
:1051B000372080F83B2010BD2800002401688A6950
:1051C000D243920701D400228A6200688169C943F0
:1051D000C90703D0816941F0010181617047000076
:1051E0002DE9F047044600680026894617464FF02F
:1051F000200835468169C90641D51021C1612FE0DB
:10520000B9F1FF3F2CD0FDF7F3F8C11B494502D897
:10521000B9F1000F24D12068426894F842108369E4
:1052200002F48042DB431B0415D4B2F5804F12D048
:10523000202910D0416841F480414160FDF7D8F841
:10524000074608E0FDF7D4F8C01B192803D901264A
:1052500045F0200504E020688069C0438006F1D451
:1052600020688069C043800602D5002EC8D003E0C4
:1052700016B92168C1F81C80012645F00405216893
:105280008869C20505D54FF48072CA6145F00105F1
:10529000012641050AD5216880054FF4806245F05A
:1052A0000805CA614FF0010602D40AE0800507D55F
:1052B000206801264FF4007145F00205C16100E04D
:1052C0008EB12046FFF77AFF20680021074F436820
:1052D0003B404360606C2843606484F8418084F8FC
:1052E000421084F840103046BDE8F08700E800FE28
:1052F00070B50068C1F3090141EA0241074D049C01
:1053000019434FF480664268214306EA54532B4305
:105310009A4321F000410A43426070BDFF63FF03DE
:105320002DE9F0411D4617460E460446DDF818806B
:1053300028E0424629462046FFF752FF10B10120DF
:10534000BDE8F081681C1DD0FDF752F8A0EB080005
:10535000A84200D8B5B92068806936EA00000FD0AD
:105360000020B8420ED1626C002084F84000202159
:1053700042F02002626484F8411084F84200DEE7C3
:105380000120EEE72068806936EA000004D00020A2
:10539000B842CED00020D3E70120F9E770B5164619
:1053A0000D4604461FE0324629462046FFF718FF07
:1053B00008B1012070BDFDF71BF8801BA84200D882
:1053C0008DB920688069C04380060CD5626C0020CE
:1053D00084F84000202142F02002626484F84110E9
:1053E00084F84200E5E720688069C0438006DAD48B
:1053F000002070BD70B516460D46044621E03246C9
:1054000029462046FFF7ECFE08B1012070BD681C5C
:1054100017D0FCF7EDFF801BA84200D88DB920689B
:105420008069C04380070CD5626C002084F840007E
:10543000202142F02002626484F8411084F8420086
:10544000E3E720688069C0438007D8D4002070BD9E
:10545000202806D1044A012102481170416A491CE2
:10546000416270474C020024100000242DE9F041F5
:10547000374CA4F128052846E269521CE2616F7896
:105480008678B0F90520012FB0F90710B0F90900AE
:1054900014D0304B032F35D0042F0DD1012E0BD15A
:1054A000687970B301284CD002284DD0032803D16D
:1054B0004FF47A51D9605870BDE8F081062EFBD1C7
:1054C00000EE902A9FED240AF8EEE00A60EE800AD2
:1054D000C4ED000A00EE901AF8EEE00A60EE800AD1
:1054E000C4ED010A00EE900AF8EEE00A20EE800A10
:1054F00084ED020A6069401C6061FCF779FFE0629C
:10550000DAE71BE00C2ED7D1DB685A435943D51795
:10551000584302EB5542D213A281CA1701EB524104
:10552000C913E181C11700EB5140C0132082A0696B
:10553000401CA061FCF75CFF2063BDE74FF4FA61FB
:10554000B8E74FF47A61B5E74FF4FA51B2E70000DB
:1055500018020024000000240000B43B70B5214C68
:10556000A06860B1FF2161701F4964230622FFF724
:10557000A5FD002804D1FCF73BFF05460AE0012009
:1055800070BD00BF00F0CEF86078FF280AD101207E
:10559000FCF7DCFDFCF72CFF401B3228F2D36078CF
:1055A000FF2818D010F0FF00EAD00F496423A0684C
:1055B0000622891DFFF782FD0028E1D10A20FCF7B1
:1055C000C5FD09496423A06806220C31FFF776FD6A
:1055D000040002D004E0032070BD0A20FCF7B6FDF1
:1055E000204670BD000000249A870008002803D0E0
:1055F00002493422FBF7A2B97047000018020024C8
:1056000070B5074C0546A069002806D0FCF7F0FEEF
:10561000216B401AA84201D8012070BD002070BD46
:105620001802002470B5074C05466069002806D0B2
:10563000FCF7DEFEE16A401AA84201D8012070BDE5
:10564000002070BD1802002410B50C4C0021A06091
:105650006180A18034210A48FBF7AAF9FF2161701B
:105660004FF47A60E060002000F072F8A0682146F4
:10567000BDE810400122FFF7F3BC00000000002449
:105680001802002426492DE9F0410A460E78052427
:10569000137928321D18062EEDB23DD2DFE806F050
:1056A000030A10142433552802D1012208710A700C
:1056B000BDE8F08155282FD1022055330B710FE042
:1056C000487003220D71F2E788700023CB70202808
:1056D0000D7103D9516A491C51621DE010B10420BB
:1056E0000870E5E70C70E3E70D4ACB78521D98543B
:1056F000CA78521CD2B2CA700B79184408718878E3
:105700008242EFD2D4E7834203D1FFF7AFFE0020FD
:1057100002E0116A491C1162BDE8F04100F018B8BE
:10572000F001002470B5084C084D08E0A088A1885D
:10573000491C285C01F07F01A180FFF7A3FFA0882E
:1057400061888842F2D170BD0000002470010024FD
:1057500010B5252104460748FBF72AF90548552CC2
:1057600002D00021017010BD01210170552202718B
:1057700010BD0000F001002410B50C4CA06890B1E1
:105780000B4964230622FFF799FC00280CD10A205C
:10579000FCF7DCFC06496423A0680622BDE8104043
:1057A000891DFFF78BBC012010BD00000000002404
:1057B000AC870008014607488068002809D00A68BD
:1057C00001688A4205D108220A6202490122FFF7D4
:1057D00047BC7047000000241149024630B4886875
:1057E00000281AD0126803689A4216D14A888B881A
:1057F000521C02F07F029A4204D10A498A6A521C62
:105800008A6205E00B784D88064CA83C63554A80B7
:10581000012230BC0249FFF723BC30BC70470000B6
:1058200000000024180200242DE9F041664C94F891
:10583000320094F83110084366D0FBF74FFF4FF465
:1058400096784046FFF7DCFE04F580754FF00006C1
:1058500004F1800798B14046FFF7E4FE78B194F870
:105860003200B8B33E6594F82E0030B394F82F00A0
:1058700018B3FBF76FFCB4F8761039B108E03E6559
:10588000EE60A4F87A6084F833603CE0C5E9040671
:105890002969FBF7ABFC696908446861B4F96E10CB
:1058A000686808446860B4F87400401CA4F8740088
:1058B000B4F87600401CA4F87600B4F876103229CB
:1058C00021D3B4F874200120192A04D36B6893FB08
:1058D000F2F202E01AE0B4F86E20A4F8722084F824
:1058E0002D00A4F878206A6992FBF1F12A69AE6173
:1058F0001144296184F8330084F8326084F831005F
:10590000EE60A4F87A600120BDE8F081EE6000202E
:10591000A4F87A60FBF74EFB06464046FBF756FAC2
:1059200040B1FBF74DFA3A6A0146284800F0D2F838
:10593000064402E0254800F0A0F994F8330040B393
:1059400023484FF49641704390FBF1F029690C18FD
:10595000FBF700FC01462046FBF748FC0028A86145
:1059600001DB014600E04142082912DDA0EB0010F6
:1059700048F6A04100EB8000C00190FBF1F07828D0
:1059800001DD782004E06FF07701884200DA0846F4
:105990000644301D092801D2002607E04FF4B270FA
:1059A000864202DC4042864200DA0646386D311AF1
:1059B000402901DD403003E011F1400F01DA4038A9
:1059C00006463E659FE700002800002408030024E7
:1059D0006073FFFF70B501F0C9FF00F027F8114CAC
:1059E0000020FF210125207660766170217204F18C
:1059F00080016072A4F87C00086284F8225084F868
:105A00002300FBF799FF084800F037F906482030DB
:105A100000F033F9022084F83A0084F8395084F811
:105A2000375070BD280000240803002414490020CA
:105A300001F5807281F8310081F83200A1F876001A
:105A40009060A1F87800D060A1F87A0010615061F0
:105A5000906181F83300A1F872005060A1F87400E1
:105A600081F82D001060A1F86C00A1F86E00A1F87B
:105A7000700081F82E0081F82F0081F83000704707
:105A80002800002470B501F071FFFFF7CFFF104D23
:105A9000002405F180006C72A5F87C40C4640465A4
:105AA000803085F836401735C461012000F060FB76
:105AB000012000F0E5FB00F023FB00F0FBFB0120E0
:105AC0006870E8762C73BDE87040FBF735BF0000C6
:105AD00028000024F0B5037F0025090283B1036884
:105AE00003EB43042144CC1701EB94718C10E11AB1
:105AF000C0E90043D4EB0227816008D43A4607E0AE
:105B0000016041600121856001770020F0BD7A428B
:105B1000B2F5807F02DC0027C5600AE0C3684FF45D
:105B200020443B44C360A34202DC6442A34200DA47
:105B3000C46007EB4703C66864245B004FF4166C2F
:105B400093FBF4F396FBFCF63344B3F59A7F02DB48
:105B500040F2331304E013F59A7F01DC6FF499737C
:105B60004FF40C5C62456FF01F0614DA002F02DD63
:105B7000202903DC0FE00EDAB1420CDA40F2331ECA
:105B800002FB0EFE9EFBFCFC634503DCCCF1000C2B
:105B9000634500DA63465B1A3FB9202905DCB14250
:105BA00003DB0561002345614EE005694FF4406762
:105BB0001D440561BD4202DC7F42BD4200DA07613F
:105BC00003EB4307D0E904C5FF0043614FF4C87EEF
:105BD0005D1B9CFBFEFCAD0097FBF4F795FBF4F41A
:105BE00020290CEB07032344C3F1000302DD002B43
:105BF00004DC05E0B14203DA002B01DA012100E008
:105C00000021B2F5806F0CDC29B1002B01DA2A21CA
:105C10000FE02E210DE0002B01DA202109E01E21EA
:105C200007E009B1542104E0002B01DA402100E033
:105C30003C21002B01DB1A4600E05A428A4203DD78
:105C4000002B00DA49420B468269002BA3EB0204C9
:105C500002DD002A03DB04E003DA002A01DD122161
:105C600000E006218C4201DD531803E04D42AC42B6
:105C700000DA531A83611846F0BD002101604160CB
:105C80008160C160016141618161017770470000FD
:105C90002DE9F04F87B014216846FAF789FE454890
:105CA000016841F010010160016801F010010591E7
:105CB000016841F080010160016801F080010591F7
:105CC000016841F001010160016801F001010591E5
:105CD000016841F004010160016801F004010591CF
:105CE000016841F00201016000680122DFF8C890FC
:105CF000102100F0020005904846FCF76EFBDFF82B
:105D0000BCB0012202215846FCF767FBDFF8B0A0C7
:105D10004FF48078012241465046FCF75EFB00229A
:105D200048460121FCF759FB002442F68820012552
:105D300069468DE831004846FCF728FA0226694694
:105D40001120CDE90005CDE902464846FCF71EFAD0
:105D5000202700974FF488106946CDE90104484692
:105D6000FCF714FA00966946CDE9015458460394AD
:105D7000FCF70CFA009769461248CDE90145FCF79B
:105D800005FACDF80080694603965046CDE90154E6
:105D9000FCF7FCF94FF4106069468DE85100584655
:105DA000FCF7F4F900216806FEF79EFA07B0BDE89B
:105DB000F08F0000E0440258001002580000025822
:105DC00000040258000802581348002110B5114C75
:105DD0000123124A0460C0E90121C0E90331416195
:105DE0008161C1610162FCF75FFB08B1FBF7DFFE77
:105DF00009480021FCF702FB08B1FBF7D8FE064872
:105E00000021FCF727FB002803D0BDE81040FBF77A
:105E1000CEBE10BD0054004048030024B175703060
:105E20001348002110B5114C0123124A0460C0E947
:105E30000121C0E9033141618161C1610162FCF767
:105E400033FB08B1FBF7B3FE09480021FCF7D6FA93
:105E500008B1FBF7ACFE06480021FCF7FBFA00286E
:105E600003D0BDE81040FBF7A2BE10BD00580040B3
:105E70009C030024B17570302DE9F04117484FF4B0
:105E80008007DFF854C00021FA000726C0F800C0E0
:105E90005510C0E903623307C0E90171C0E9073159
:105EA0004162540081625201C162C0E90D21C163A7
:105EB000016441648164C164016541658165C0E933
:105EC0000554FEF711F9002803D0BDE8F041FBF7B7
:105ED0006EBEBDE8F081000000300140F0030024F8
:105EE00010B58EB000241C21009407A801940294E0
:105EF0000394049405940694FAF75AFD1E4840F260
:105F0000E731EF221B4BC0E9024104618461C0E923
:105F10000032FEF759FA08B1FBF749FE4FF4805002
:105F2000009015486946FEF7F1FA08B1FBF73FFE0D
:105F30001148FEF7CAFC08B1FBF739FE0E4804A968
:105F400004940694FEF7EEF908B1FBF730FE6020EA
:105F5000CDE907040848002207A909940B94FEF72D
:105F600022FC08B1FBF723FE0348FEF7F3FB0EB05B
:105F700010BD000000040040780400243EB5104825
:105F8000002440F2E7310D4BEF220094019402947B
:105F9000C0E902418461C0E90032FEF715FA08B198
:105FA000FBF705FE0648694600940294FEF7BAF92D
:105FB000002801D0FBF7FBFD3EBD000000100040B3
:105FC000C40400241848002110B5164C0C224FF4CC
:105FD000E1330460C0E90131C160C0E904128161AC
:105FE000C161016241628162FEF74CFF08B1FBF7BB
:105FF000DEFD0D480021FEF746FD08B1FBF7D7FD99
:1060000009480021FEF719FD08B1FBF7D0FD06484D
:10601000FEF7F1FC002803D0BDE81040FBF7C7BD38
:1060200010BD000000100140100500241848002198
:1060300010B5164C0C224FF4E1330460C0E9013175
:10604000C160C0E904128161C16101624162816283
:10605000FEF718FF08B1FBF7AAFD0D480021FEF777
:1060600012FD08B1FBF7A3FD09480021FEF7E5FC8E
:1060700008B1FBF79CFD0648FEF7BDFC002803D0E5
:10608000BDE81040FBF793BD10BD00000044004088
:10609000A40500241848002110B5164C0C224FF41A
:1060A000E1330460C0E90131C160C0E904128161DB
:1060B000C161016241628162FEF7E4FE08B1FBF753
:1060C00076FD0D480021FEF7DEFC08B1FBF76FFD01
:1060D00009480021FEF7B1FC08B1FBF768FD06484E
:1060E000FEF789FC002803D0BDE81040FBF75FBD38
:1060F00010BD00000048004038060024FEE7000004
:1061000070B586B014216846FAF752FC144C607FD3
:10611000002822D113480021FEF70AFC1148002173
:10612000006841631048026842F0020202600068A1
:10613000012502220D4E00F0020005901020CDE94D
:106140000212CDE9000569463046FCF71FF800222F
:1061500030461021FCF741F9657706B070BD0000AC
:106160002800002478040024E04402580004025867
:10617000104A70B5104E4FF48075117861B100244B
:10618000D475947721460D48A2F86240FEF7D0FB03
:106190000A48006844630AE000B10120D07530B1BC
:1061A000002229463046BDE87040FCF716B90122AE
:1061B000F7E70000280000240004025878040024B7
:1061C0002DE9F04100F076F8144D0024012705F187
:1061D0008006FF202C766C76AF76A5F8604068705C
:1061E00028727465A5F86440FBF7AEFC2046F064A5
:1061F000306505F58074287085F8350085F836001F
:10620000E0610120FFF7B4FF012000F039F8FCF74E
:10621000EFF8606285F83870BDE8F081280000244E
:1062200070B500F047F8144C0025FF20257684F85F
:10623000225065766070207284F8395084F83A50A4
:1062400084F8375084F838506572A4F87C50FBF716
:106250007BFCFFF7EBFB04F18000E575012205658F
:1062600011020648FCF7B9F8142084F8360004F54A
:106270008070C56170BD0000280000240004025831
:1062800009A11CB50028D1E90001CDE9000101D028
:10629000012000E000208DF80300054814230622A9
:1062A0006946FEF70BFF1CBD01F3AB00006B00005D
:1062B0003806002470B50E4CA07F18B10D4800219F
:1062C000FEF736FB0B48002500684563607F20B170
:1062D000094800221021FCF780F8E576257784F83C
:1062E000205084F82150A577A4F8625070BD0000BA
:1062F000280000247804002400040258144810B533
:10630000817F002920D0B0F8623040F2DC52510089
:1063100003EBC30404EB031302EBC312B2FBF1F172
:1063200001B90121C07F80B14FF0FF3308484FF41D
:10633000B2728030C46C03FB0141C164914202DC43
:106340005242914200DAC26410BD0123EEE7000020
:1063500028000024FEE710B5A0B080216846FAF7B7
:1063600027FB00240021204600F03AF880216846EF
:1063700000F0AEF8641CE4B2082CF3D320B010BDDA
:106380002DE9F0416420FBF7E1FE0F4814230222BF
:106390007821FCF7E9F80D4D4FF0000628B90C4FB5
:1063A0000024385D00F07EF818B101202E70BDE8A1
:1063B000F081641CE4B2172CF3D301202870FFF79E
:1063C000CAFF0020F3E700009C0300241100002412
:1063D000A88D0008014800787047000011000024D3
:1063E00010B540F0B0000C4600F05CF8102040EA18
:1063F000141000F057F804F00F00BDE8104000F052
:1064000051B800002DE9F04100282FD004282DD8E4
:1064100000292BD0102929D8A2F120035F2B00D30B
:106420002022C90040000839801E203ACFB2C5B2F0
:1064300039462846D6B2FFF7D3FF0D48002400EBBB
:106440000616305D00F03EF8641CE4B2082CF8D368
:106450006D1C3946E8B2FFF7C3FF00243019007AFB
:1064600000F030F8641CE4B2082CF7D3BDE8F081EA
:10647000B88700082DE9F04115000E4607464FF099
:1064800000040CD005E0C1B23846FFF7BBFF641C26
:10649000E4B22A5D002A02D030191028F3D9BDE8F1
:1064A000F08100001CB500221421019202238DF816
:1064B000050001AA024800917821FCF7DFF81CBD15
:1064C0009C03002401B50121684600F001F808BDD5
:1064D0002DE9F04786B082464020174F00240E4633
:1064E0000DF104084FF014098DF804001DE0301B75
:1064F000102800D9102085B20AEB04012A4608F1C1
:106500000100FAF7D6F9681CCDF8009083B20B4869
:10651000782101AAFCF7B2F828B1002038700120D8
:1065200006B0BDE8F087601984B2B442DFD3012021
:1065300038700020F4E70000110000249C030024C0
:1065400070B5F94C94B004F18005607A07280BD03F
:1065500006A8FFF74BF8FBF7C1F894F82D000028C8
:106560006FD0B4F97030B8E0EF48E178807859B373
:10657000012968D00A210028286A90FBF1F377D01E
:10658000202000901421E9A201A8F9F7A5FF01201D
:1065900001A900F0E1FAA07801286AD0202000903B
:1065A0002B6B1421E6A201A8F9F796FF022001A99E
:1065B00000F0D2FA0320E7A100F0CEFAE5A1042012
:1065C00000F0CAFA14B070BD002832D0202000902C
:1065D0002B681421E0A201A8F9F77EFF012001A990
:1065E00000F0BAFAA078012825D020200090A38FCF
:1065F0001421DDA201A8F9F76FFF022001A900F024
:10660000ABFAA078022818D020200090AB681421A3
:10661000D9A201A8F9F760FF032001A900F09CFAB4
:10662000A07803280BD020200090B4F84030D6A2E8
:1066300040E03C20CBE73C20D8E73C20E5E73C208D
:10664000F2E748E0FFE7002839D0202000906B688F
:106650001421D1A201A8F9F73FFF012001A900F000
:106660007BFAA07801282CD020200090E38F01E055
:106670002DE02EE01421CCA201A8F9F72DFF022075
:1066800001A900F069FAA07802281CD0202000900F
:10669000EB681421C8A201A8F9F71EFF032001A985
:1066A00000F05AFAA07803280FD020200090B4F808
:1066B0004230C5A2142101A8F9F70EFFB7E03C2033
:1066C000C4E73C20D1E73C20E1E73C20EEE73C205A
:1066D00057E73C2063E7B4F96E3042F210710C9832
:1066E000B0FBF1F201FB120014210090BAA201A844
:1066F000F9F7F2FE607A022809D0032807D00428AF
:1067000005D0052803D0012001A900F025FA94F84E
:106710003A104FF49670022906D094F832201AB934
:1067200094F83120002A3DD094F82D1011B1B4F91D
:10673000706001E0B4F96E60FEF762FF60B194F83A
:10674000320058B132200090B4F876301421A6A25D
:1067500001A8F9F7C1FE10E0A7A20AE094F8310001
:1067600030B1EB6C1421A8A201A8F9F7B5FE04E042
:10677000A8A2142101A8F9F7AFFE022001A900F098
:10678000EBF900961421B4F97230A5A201A8F9F72B
:10679000A3FE032001A900F0DFF9286DA4A2009058
:1067A0002B6A87E794F8222032B1012915D0617A4B
:1067B000012912D0022910D0617AB9B3FAF7F0FAA0
:1067C0000646FAF729FB002842D0607A032863D0F6
:1067D000042861D005285FD06AE0FAF71DFB50B1AC
:1067E000FAF7EEFA296A97A203460091142101A84C
:1067F000F9F772FE05E02B6A142197A201A8F9F7B8
:106800006BFE022001A900F0A7F9E86C14210090AA
:1068100096A22B6D01A8F9F75FFE032001A900F0F5
:106820009BF9E07996A20090A37943E701E001A9E2
:10683000C5E6FEF7E5FE48B196A1022000F08CF90E
:10684000032097A100F088F999A1B8E69CA1F4E78C
:10685000E86C009042F20F70864200D83046142156
:1068600003469BA201A8F9F737FE022001A900F018
:1068700073F9FAF79FFA142103469AA201A8F9F7CF
:106880002BFE032001A900F067F92B6A142198A2BE
:1068900001A8F9F721FECAE7E86A1421009099A23D
:1068A000AB6A01A8F9F718FE012001A900F054F91C
:1068B000FAF786FA0346E86C1421009096A201A824
:1068C000F9F70AFE022001A900F046F9607A41F2C8
:1068D0002436032801D0042807D1FBF789FD68631B
:1068E000607A032808D0042806D0C0B2052803D057
:1068F000062801D0002306E08C49686B096B431A17
:10690000B34200D93346142189A201A8F9F7E4FD66
:10691000032001A900F020F9FAF752FA2B6A89A2A4
:10692000181A0090C6E600002800002443454E5483
:1069300045523A252B30336C64636D20256300008B
:106940004B33204F46463A252B30346C6420256368
:10695000000000002000000050413820533A252B51
:1069600030346C642025630050413820543A25307F
:1069700034756D732025630050413131533A252B16
:1069800030346C642025630050413131543A253055
:1069900034756D732025630050413845533A252BDB
:1069A00030346C642025630050413845543A25301A
:1069B00034756D732025630050313145533A252BD2
:1069C00030346C642025630050313145543A253011
:1069D00034756D73202563004D252B30356C642094
:1069E000462530346C7500005A45524F2025303210
:1069F000752F2530327500004D5339303120574105
:106A0000495420414343000052554E2050252B301D
:106A1000356C64005741495420484F4D45000000F3
:106A20005A252B303564204D252B30356C64000001
:106A3000543A252B30346C646D6D20473A252B3049
:106A4000346C6400423A252B30346420543A252BB0
:106A500030346C64000000004E4F2042414C4C200A
:106A6000543A252B30346C6400000000473A252B43
:106A700030346C6420503A252B30346C64000000B4
:106A80005041383A2025632020504131313A2025A9
:106A9000630000004D53393031205258204F4B00D5
:106AA00055534152543120313135323030000000DD
:106AB0004B3120484F4D452B4C4556454C0000006E
:106AC0004D53393031204143432057414954000050
:106AD0004E3A2530346C7520503A252B30346C6496
:106AE00000000000543A253031306C752000000061
:106AF000543A252B30346C646D6D204E4F2042414A
:106B00004C4C00004B323A252B30336C642F252B34
:106B100030336C64000000004D3A252B3034642083
:106B2000503A252B30346C6400000000280100240A
:106B300054696D653A202530346C75206D732020C2
:106B400000000000543A252B30346C646D6D2045F4
:106B50003A252B30346C640030B585B00C462022C9
:106B6000054610216846F9F71BFF00208DF810003C
:106B700054B100226B4604E0501C9954C2B2102A52
:106B800002D2A15C0029F7D101216A462846FFF70D
:106B900071FC05B030BD70472DE9F047454D044606
:106BA00089464FF0000A2868C04380070AD0414E4A
:106BB000283E306820F080603060FBF719FC074603
:106BC000B04608E00120BDE8F08700BFFBF710FCED
:106BD000C01B022867D8D8F800000001F6D420684E
:106BE00029684FF4FE0721F47C313E0241EA00306F
:106BF0002860207AA389B4F804C040022D4D2D49A5
:106C00005B1E227CACF1010C1035091DA0F5007053
:106C100080B2521ECCF3080C07EA034340EA0C0092
:106C2000184306EA0262104328600868626920F08F
:106C3000C000104308600A68A06922F020020243E5
:106C40000A60281D0A6822F010020A6002684FF6E6
:106C5000F873E4699A4342EAC40202600868B9F131
:106C6000000F40F010020A6011D00868B9F1010F5E
:106C700011D040F400100860D8F80000444640F0FD
:106C80008060C8F80000FBF7B3FB05460DE008681C
:106C900040F40020EFE740F48010ECE7FBF7A8FB9E
:106CA000401B022801D903208DE720680001F5D59B
:106CB000504688E7284402582DE9F047454D0446E0
:106CC00089464FF0000A2868C04380070AD0414E29
:106CD000283E306820F080503060FBF789FB074683
:106CE000B04608E00120BDE8F08700BFFBF780FB5D
:106CF000C01B022867D8D8F800008000F6D420888E
:106D000029684FF4FE0721F07C713E0241EA0050F1
:106D10002860207AA389B4F804C040022D4D2D4983
:106D20005B1E227CACF1010C1835091DA0F500702A
:106D300080B2521ECCF3080C07EA034340EA0C0071
:106D4000184306EA0262104328600868626920F46A
:106D50004060104308600A68A06922F40072024390
:106D60000A60281D0A6822F480720A6002684FF6E1
:106D7000F873E4699A4342EAC40202600868B9F110
:106D8000000F40F480720A6011D00868B9F1010F59
:106D900011D040F080700860D8F80000444640F000
:106DA0008050C8F80000FBF723FB05460DE008689B
:106DB00040F48000EFE740F40000ECE7FBF718FB3D
:106DC000401B022801D903208DE720688000F5D5FB
:106DD000504688E7284402587047000070B51F4CA1
:106DE000607E00280FD0E07D00280CD0B4F8600051
:106DF000002808D11A48E17E31B100221021FBF7AA
:106E0000ECFA0020E07670BD217F11B1491E217798
:106E100070BD124E4FF4B27394F91A105A42803674
:106E2000002903DDF56C9D42F2DA03E002DAF56C2D
:106E30009542EDDDF56C0D449D4201DD1D4602E0FD
:106E4000954200DA154601221021FBF7C6FA01200F
:106E5000E07602212177F56470BD0000280000244F
:106E6000000402582DE9F041234C607E00282AD00E
:106E7000E07D002827D021480025B4F8601019B122
:106E8000491EA4F8601018E01B4B0F2194F91A60FA
:106E9000FF2280330127002E06DDDB6CB3F5B27FC5
:106EA00016DBFF23A37605E00FDADB6C13F5B27F68
:106EB0000CDCA776A4F86010627000221021FBF7AA
:106EC0008CFAE5762577BDE8F08101DC012600E04B
:106ED000002661788E42F6D000221021FBF77DFA61
:106EE0000EB1012200E0002205480121FBF775FAEE
:106EF0006670E5762777E6E728000024000402584C
:106F000000100258FBF7D2BC70B59CB04C2168460B
:106F1000F9F74EFD202113A8F9F74AFD0220FBF7EF
:106F2000BBFD214800242149026842F4404202602E
:106F300002680A6842F001020A60096801F0010172
:106F40001B9101688904FCD50DF1280C02200990E1
:106F50000521C0228CE80700C6030F9008250D907C
:106F600001230E90CDE91054CDE900366846129405
:106F7000FCF7F8FD08B172B6FEE740201A903F21F9
:106F80000301CDE916500322CDE9180313AB13A872
:106F900083E816000421FCF7D5FB002801D072B667
:106FA000FEE71CB070BD0000184802582C040058C1
:106FB0003348F0B5334A016841F47001016010684C
:106FC00000F00F00072804D2106820F00F00C01D49
:106FD00010602D4900202C4C10340B682B4D43F0D1
:106FE00001030B6020600B682B400B60136803F0FB
:106FF0000F03072B04D9136823F00F03DB1D136065
:10700000214C234A1834234B261D371D20601E4C6B
:10701000214D28343060261D3860371D23603B1D0C
:1070200035601C1D3A60251D2E1D1860331D226021
:107030002860326018600A68134B184C22F48022D2
:1070400060330A60186020686FF30F00B0F1005FD2
:1070500003D213490120C1F808010B48D43001685C
:10706000C9040BD4026843F2D2010E4B42F48052A1
:1070700002601960016821F480510160F0BD0000D8
:1070800088ED00E000200052004402587FEDF6EA4F
:1070900080020101000202020000FF010010005CFA
:1070A00000800051004000520148FDF7AEBA0000D8
:1070B000C40400242DE9F047294B4FF0804A294DA4
:1070C00002689842284E294F294C09D0504507D0D4
:1070D000A84205D0B04203D0B84201D0A04205D1A9
:1070E000D1F804C022F070024CEA0202DFF884C03A
:1070F000DFF884809842DFF884900FD050450DD09F
:10710000A8420BD0B04209D0B84207D0A04205D067
:10711000604503D0404501D0484503D1CD6822F4F5
:1071200040722A438E684D6922F08002C6620E6862
:107130002A439842866207D0A04205D0604503D01A
:10714000404501D0484501D1096901630368012127
:1071500043F00403036041610260BDE8F087000072
:10716000000001400004004000080040000C004006
:10717000000401400040014000440140004801403B
:1071800010B5046A012301F01F018B409C43046287
:107190008A40016A1143016210BD42EA03228368FA
:1071A0000A4323F47F410A4382607047034B82689D
:1071B0001A400A4342F00701816070478FFFCFFFFA
:1071C0002DE9F04FDFF88C80234EDFF89090DFF848
:1071D00090B0026A036AB042DFF888A022F0020C85
:1071E000214F23F001020262436885698A680C68B6
:1071F00005EA080525F0030542EA0C0244EA050405
:1072000007D0484505D0584503D0504501D0B84275
:1072100008D1D0F820C022F008052CF00402026248
:10722000CA682A43B04207D0484505D0584503D024
:10723000504501D0B84205D123F44076D1E9055339
:1072400035432B4343608461496841630262BDE872
:10725000F08F00008FFFFEFF00000140000401409E
:10726000004001400044014000480140F0B5DFF813
:1072700080E0204C204D026A036AA04222F02006E2
:1072800023F01003036242688369D1F808C00F68D5
:1072900003EA0E0323F4407E46EA0C134EEA072667
:1072A00001D0A84208D1076A23F0800327F04007E5
:1072B0000762CF6843EA0713A0420AD0A84208D069
:1072C0000E4CA04205D00E4CA04202D00D4CA04264
:1072D00007D1D1E9054522F4406242EA840242EA3C
:1072E000850242608661496881630362F0BD0000E7
:1072F000FF8FFFFE000001400004014000400140FC
:107300000044014000480140F0B5DFF880E0204D26
:10731000204E026A036AA84222F4007723F48073A5
:1073200003624368C269D1F808C002EA0E020C6821
:1073300022F0030E47EA0C2244EA0E0401D0B042C8
:1073400008D1076A22F4006227F480670762CF68D9
:1073500042EA0722A8420AD0B04208D00E4DA84205
:1073600005D00E4DA84202D00D4DA84207D1D1E95B
:10737000055623F4405343EA051343EA06134360DA
:10738000C4614968C1630262F0BD00008FFFFEFF67
:107390000000014000040140004001400044014061
:1073A00000480140F0B5046A026A22F48052026289
:1073B0004268C36924F40054DFF848C08E680D6841
:1073C00003EA0C03104F23F4407344EA0634B84236
:1073D00043EA05230BD00D4DA84208D00C4DA8421E
:1073E00005D00C4DA84202D00B4DA84204D14D69E6
:1073F00022F4804242EA85124260C3614968016416
:107400000462F0BDFF8FFFFE000001400004014058
:10741000004001400044014000480140F0B5164FD3
:10742000164B026A046A984222F4003524F4803331
:1074300003624268436D0E890C6803EA070344EA5D
:10744000030445EA06430BD00D4DA84208D00D4D6C
:10745000A84205D00C4DA84202D00C4DA84204D140
:107460004D6922F4803242EA05224260446549684F
:1074700081650362F0BD00008FFFFEFF0000014048
:107480000004014000400140004401400048014028
:10749000F0B5164F164B026A046A984224F4801322
:1074A000036222F400144268436D0E890D6803EAFA
:1074B000070344EA065443EA05230BD00D4DA842C6
:1074C00008D00D4DA84205D00C4DA84202D00C4D5D
:1074D000A84204D14D6922F4802242EA852242600A
:1074E00043654968C1650462F0BD0000FF8FFFFE7F
:1074F0000000014000040140004001400044014000
:107500000048014030B5114C036A056AA04225F0DD
:10751000010404620BD00E4CA04208D00D4CA042D6
:1075200005D00D4CA04202D00C4CA04203D1046AFD
:1075300024F004040462846923F00A030B4324F05A
:10754000F00444EA02118161036230BD0000014091
:107550000004014000400140004401400048014057
:1075600030B50D4C036A056AA04225F01004046290
:1075700002D00A4CA04203D1046A24F04004046201
:10758000846923F0A00343EA011124F4704444EA1F
:1075900002328261016230BD0000014000040140FE
:1075A0002DE9F84FFEF7AAFEED4C207860B100F00F
:1075B000DDF9FEF77FFE0122EA481102FAF70DFF1E
:1075C0000020E075BDE8F88F207E68B1E07D58B1FD
:1075D000FEF72AF90028F5D1607E40B100F0C6F927
:1075E000BDE8F84FFFF73EBC00F0C0F925E0DC4DE8
:1075F000607A8035062807D04FF49670F9F7E6FBDD
:1076000028B1F9F7DDFB0BE000202865DAE7F9F790
:10761000FDFBFAF7EFF960B194F8230000B1A86E12
:107620008246FAF7E7F960B15046BDE8F84FFAF73D
:10763000A9B900F09BF9E86C2865BDE8F84FFEF7A2
:1076400039BE94F8230088B1A86EE86600EB4001CB
:1076500001EB0A00C11700EB91708010C5F86800BB
:10766000D5E91A10081A07D4074606E0C5E91AAA90
:10767000012184F82310F3E74742B94AC0EBC00365
:10768000803201EB4303126A551A0FFA85F8D11ABA
:10769000B8F1000F01DB454601E0C8F1000508FB29
:1076A00000F0002801DD012000E00020009008FB30
:1076B00001F1002901DC012000E0002007EBC701F7
:1076C0008346082303EB4106822E02DD70208226CA
:1076D00005E0A6F11209B9F13C0F01DA3C20814620
:1076E000607A022805D0072803D0FAF783F950B34F
:1076F0003FE09B4C1E2A4FF046014FF0000504F17D
:1077000080040ADB236BA2F11E006FF01305143B0B
:10771000584390FBF1F02D1A0BE012F11E0F08DC1C
:10772000236B02F11E004042143B584390FBF1F5DD
:1077300014358D485146FEF7CDF9D4E904121144B1
:107740000844284409E1082D13DC012F11DC844C86
:10775000002083498034A065A1F866806066A1F8A6
:107760006A804FF44861206AFAF7B4F8F9F722FC0E
:10777000F3E07B498031886D40448865502802DD04
:107780005020886504E06FF04F02904200DA8A656D
:10779000D8F100027248B0F96620A0F86680A8EB24
:1077A000020201D4012301E04FF0FF336C4908EBE2
:1077B00088049A46803102EB4202896D01EB440352
:1077C0000A2103EB820292FBF1F14C4201D1C8F194
:1077D0000004002C00DA64420A2D07DC142C01DAC4
:1077E00014240FE0202C0ADD20240BE01E2C00DAEC
:1077F0001E24012F03DC2A2C01DA2A2402E0342C77
:1078000000DD3424462D09DC262C00DD26240A2D3B
:1078100004DC012F02DD202C00DD20244FF00203C8
:107820003C2D4FF003022ADCFAF78EF9009818B3CA
:10783000B54202DDBBF1000F3ED007EB47020A2044
:10784000920092FBF0F0711B002902DD01EB410177
:1078500008440A2D03DC122801DA122028E020282F
:1078600000DA20200A2D03DC302801DD30201FE063
:1078700069281DDD69201BE00AFB04F545E000993D
:10788000E1B1FAF761F94D4502DDBBF1000F13D00C
:1078900007EB47020A20920092FBF0F0A9EB0501EA
:1078A000002902DD01EB410108442028E0DA202014
:1078B000CAF10005454328E0002526E090F8245051
:1078C00090F8251055EA01060CD0C5B12449803145
:1078D0000D6F90F82410491E11F0FF0180F824105C
:1078E0000AD012E00AFB04F11D4C8034216780F8B5
:1078F000243080F82620E9E790F8261003E04FF0C6
:10790000000511B1491E80F82510154C4FF448614F
:107910008034206AF9F7DEFF2844F9F74BFB4FF477
:10792000B271884202DC4942884200DA0846226D80
:107930000028A0EB020302DD002A03DB04E003DAE7
:10794000002A01DD302100E016218B4201DD5018B4
:1079500003E04D42AB4200DA501A206532E60000E7
:1079600028000024000402580803002470B50F4DBD
:107970000024A5F180066C65A6F86440AC65A6F805
:1079800066406436F9F7D8FF0948FEF776F90848EB
:107990002030FEF772F96C66F480AC66EC6606F88F
:1079A000414CBDE87040FAF7CFB80000A8000024B1
:1079B0000803002470B5164C0646207E002826D108
:1079C0000025257084F8355004F5807084F8365011
:1079D000C5610120FEF7CCFB0120FEF751FCFFF74B
:1079E000C5FF3046FAF7CEF8012121766576FF20F3
:1079F000A176A4F860506070207204F18000C16C20
:107A00000165FEF77DFBBDE87040FEF753BC70BD1D
:107A10002800002430B5416EB9B101680D4B03F167
:107A200008048A688968C2F34262490F5D5C615C40
:107A30002D01B5FBF1F1A0F86A10995CA25C090177
:107A4000B1FBF2F1A0F8681030BD0121A0F86A1076
:107A5000F8E70000D88D000890F82810090706D52F
:107A60000168836B4A6822F400421A434A6090F826
:107A70002810C90706D00168C36A4A6822F4003298
:107A80001A434A6090F82810890706D50168036BED
:107A90004A6822F480321A434A6090F82810490755
:107AA00006D50168436B4A6822F480221A434A6073
:107AB00090F82810C90606D50168C36B8A6822F4BD
:107AC00080521A438A6090F82810890606D501680A
:107AD000036C8A6822F400521A438A6090F82810D6
:107AE000490611D50168436C4A6822F480121A4392
:107AF0004A60416CB1F5801F06D10168836C4A6809
:107B000022F4C0021A434A6090F82810090606D5EC
:107B10000168C26C486820F4002010434860704738
:107B20002DE9F84300250446C0F89050FAF760FCB0
:107B30008046206820266FF07E470068000713D536
:107B40000022434631042046009700F033FD58B12F
:107B5000216851E8000F20F0800041E80002002A6F
:107B6000F6D1C4F8886021E020680068400722D57B
:107B7000002243464FF480012046009700F01AFD92
:107B8000C8B1206850E8001F21F4907140E800124D
:107B9000002AF6D12068083050E8001F21F00101CA
:107BA00040E80012002AF5D1C4F88C60032084F864
:107BB0008450BDE8F883C4F88860C4F88C60E5663A
:107BC0002567002084F88450F3E710B5806BFCF73C
:107BD00082FF10BD10B5026852E8001F21F49071B9
:107BE00042E80013002BF6D10E4B0268083252E82F
:107BF000001F194042E80014002CF6D1C16E012983
:107C000008D1026852E8001F21F0100142E8001379
:107C1000002BF6D100212022C0F88C20C1664167DC
:107C200010BD0000FEFFFFEF10B5D0F88C10B0F8CB
:107C300060202229016804D0886940F0080088612A
:107C400010BD496A836D11401980816D891C816561
:107C5000B0F85E10491EA0F85E10B0F85E10002962
:107C6000EED1016851E8002F22F4907241E8002320
:107C7000002BF6D10168083151E8002F22F00102F3
:107C800041E80023002BF5D1184B00210268202485
:107C9000C0F88C40416701679A420BD052681202CB
:107CA00008D5036853E8002F22F0806243E80024DF
:107CB000002CF6D1C26E012A02D0FDF7F5F910BDF5
:107CC000C166026852E8001F21F0100142E800136B
:107CD000002BF6D10168CA69D243D20601D4102222
:107CE0000A62B0F85C10FCF7A6FE10BD000C00584C
:107CF0002DE9F04704460068C569D0F800A0D0F827
:107D00000890D4F88C10B4F86060222905D08169FD
:107D100041F008018161BDE8F087B4F868704FF068
:107D2000000844E02068A16D406A30400880A06DE2
:107D3000801CA065B4F85E00401EA4F85E002068B8
:107D4000C569690730D0E9070AD05FEACA5107D58B
:107D500001210162D4F8900040F00100C4F89000C5
:107D6000A8070BD55FEAC97008D021680220086215
:107D7000D4F8900040F00400C4F8900068070BD5D8
:107D80005FEAC97008D0216804200862D4F8900026
:107D900040F00200C4F89000D4F8900020B12046D2
:107DA000FCF799FEC4F89080B4F85E0000B30FB100
:107DB000A806B7D4B4F85E000028ACD0B4F86810B8
:107DC0008142A8D92068083050E8001F21F0805176
:107DD00040E80012002AF5D12A486067216851E87E
:107DE000000F40F0200041E80002002AF6D192E79F
:107DF000216851E8000F20F4807041E80002002A59
:107E0000F6D1214A2068083050E8001F114040E8B0
:107E10000013002BF6D11D4A202321684046C4F8E8
:107E20008C30C4F87480C4F8708091420BD04968DB
:107E3000090208D5226852E8001F21F0806142E85B
:107E40000013002BF6D1E16E012903D02046FDF787
:107E50002BF9AFE7E066216851E8000F20F0100031
:107E600041E80002002AF6D12068C169C943C90669
:107E700001D410210162B4F85C102046FCF7DBFD50
:107E800098E70000297C0008FEFFFFEF000C005877
:107E900010B5D0F88C10B0F860202229016804D009
:107EA000886940F00800886110BD496A836D1140FF
:107EB0001970816D491C8165B0F85E10491EA0F8EB
:107EC0005E10B0F85E100029EED1026852E8001F83
:107ED00021F4907142E80013002BF6D101680831BB
:107EE00051E8002F22F0010241E80023002BF5D1D8
:107EF000184B002102682024C0F88C4041670167BC
:107F00009A420BD05268120208D5026852E8003F2C
:107F100023F0806342E80034002CF6D1C26E012ABF
:107F200002D0FDF7C1F810BDC166026852E8001F1B
:107F300021F0100142E80013002BF6D10168CA6954
:107F4000D243D20601D410220A62B0F85C10FCF7CA
:107F500072FD10BD000C00582DE9F0470446006882
:107F6000C569D0F800A0D0F80890D4F88C10B4F807
:107F70006060222905D0816941F008018161BDE876
:107F8000F087B4F868704FF0000844E02068A16DF5
:107F9000406A30400870A06D401CA065B4F85E00D7
:107FA000401EA4F85E002068C569690730D0E90763
:107FB0000AD05FEACA5107D501210162D4F89000C6
:107FC00040F00100C4F89000A8070BD55FEAC97023
:107FD00008D0216802200862D4F8900040F0040024
:107FE000C4F8900068070BD55FEAC97008D0216813
:107FF00004200862D4F8900040F00200C4F8900019
:10800000D4F8900020B12046FCF765FDC4F89080BC
:10801000B4F85E0000B30FB1A806B7D4B4F85E00A0
:108020000028ACD0B4F868108142A8D92068083084
:1080300050E8001F21F0805140E80012002AF5D1DD
:108040002A486067206850E8001F41F0200140E89E
:108050000012002AF6D192E7216851E8000F20F4BF
:10806000807041E80002002AF6D1214A20680830D9
:1080700050E8001F114040E80013002BF6D11D4AC4
:10808000202321684046C4F88C30C4F87480C4F8BA
:10809000708091420BD04968090208D5226852E8E5
:1080A000001F21F0806142E80013002BF6D1E16E41
:1080B000012903D02046FCF7F7FFAFE7E066206810
:1080C00050E8001F21F0100140E80012002AF6D10C
:1080D0002068C169C943C90601D410210162B4F8FE
:1080E0005C102046FCF7A7FC98E70000917E000892
:1080F000FEFFFFEF000C00582DE9F04304468068B6
:10810000D84E87B0D84B2168D4E90427D4F81CC0D6
:1081100010430A68002547EA0C07384332400243FF
:108120000A602068E268416821F4405111434160CF
:108130002268A1699A4201D0206A01439768DFF85A
:108140002CC3CB4ECB4807EA0C070F43976021683E
:10815000676ACA6A22F00F023A43CA622268B242D0
:108160000ED1006800F03800182873D047DCB8B38F
:10817000082879D010286FD178E028287ED17BE0BC
:10818000BD498A4209D1006800F00700062875D26F
:10819000DFE800F0546A6C6E7072B8498A4209D107
:1081A000006800F00700062868D2DFE800F0475DAD
:1081B0005F616365B2498A4209D1006800F0070037
:1081C00006285BD2DFE800F03A5052545658AD49C9
:1081D0008A420BD1006800F0070006284ED200E06A
:1081E00010E0DFE800F02B4143454749A6498A42A9
:1081F0000AD1006800F03800182839D0B7DD2028EF
:10820000BBD13CE001203AE0A0498A4209D1006894
:1082100000F00700062831D2DFE800F01026282AF7
:108220002C2E9B498A420BD1006800F007000628DB
:1082300024D2DFE800F003191B1D1F2100201EE0DF
:108240009A421BD18B48001D006800F007000628E9
:1082500014D202E00CE007E010E0DFE800F00305D4
:1082600007090B0D02200AE0042008E0082006E0C0
:10827000102004E0202002E0402000E0802085491A
:10828000DFF814829A42854A4FF400434FEA2117DF
:108290004FF000064ED110281AD006DC022809D073
:1082A00004280BD008287CD10DE020283ED040289F
:1082B00077D13DE0FAF71AFC014610E06846FAF77C
:1082C00027FC01990BE003A8FAF7C4FC049906E027
:1082D0001068800605D51068C0F3C100C1400029B0
:1082E00070D0606A676838F8102007EB4703B1FB6D
:1082F000F2F0834255D8B0EB073F52D8002308462E
:108300001946F8F771F802467808130E120243EA8C
:10831000012110183A4671410023F8F765F8604AC8
:10832000A0F5407191423CD821688FE03946D8E7EA
:108330001946D6E7D4F81CC04FF6EF799C4546D1D4
:10834000082819D005DC58B101280CD0042875D1B3
:108350000DE0102815D0202835D040286ED134E00B
:10836000FBF740FB01E0FBF74FFB014610E06846DE
:10837000FAF7CEFB01990BE003A8FAF76BFC04991E
:1083800006E01068800604D51068C0F3C100C14043
:10839000C1B1636A606838F81330B1FBF3F149008A
:1083A00000E04BE001EB5001B1FBF0F0A0F1100157
:1083B000494543D84FF6F0732168C0F34202184094
:1083C000104343E043E03946E3E71946E1E7082874
:1083D00019D005DC58B101280CD004282ED10DE0AD
:1083E000102815D020282BD0402827D12AE0FBF7D1
:1083F000F9FA01E0FBF708FB014610E06846FAF7DE
:1084000087FB01990BE003A8FAF724FC049906E026
:108410001068800604D51068C0F3C100C140B1B136
:10842000636A606838F81330B1FBF3F101EB500177
:10843000B1FBF0F0A0F11001494505D9012506E096
:108440003946EDE71946EBE7216880B2C8600120A4
:10845000A4F86A00A4F8680028466667A66707B013
:10846000BDE8F083F369FFCF000C0058FFF4FF1163
:1084700000100140544402580044004000480040AD
:10848000004C0040005000400014014000780040C3
:10849000007C00400090D003C08D000800440258CA
:1084A000FFFC0F0070B58368002481654FF480568F
:1084B000A0F85C20B342A0F85E204FF0FF014467B3
:1084C00004D1036903BB40F2FF111DE04FF07F05AB
:1084D000C3B1B3F1805F1AD0A0F860402221C0F888
:1084E0009040C0F88C100168083151E8003F43F01B
:1084F000010341E80034002CF5D1416EB1F1005F79
:108500000CD02FE0036933B9A0F86010E6E70169E9
:1085100009B13F21F8E7A0F86050DFE7B0F8681034
:1085200091421FD88168B14201D10169B9B11D4999
:108530000269416742B1026852E8001F41F480714C
:1085400042E80013002BF6D10168083151E8002FF2
:1085500042F0805241E80023002BF5D120E012497F
:108560004167F1E78168B14201D1016969B10F4901
:10857000026941675AB1016851E8002F42F49072D4
:1085800041E80023002BF6D10AE00949416702685F
:1085900052E8001F41F0200142E80013002BF6D101
:1085A000002070BD597F0008F17C0008917E000812
:1085B000297C00082DE9F047994617460D460446E8
:1085C000089E4FF0000833E0701C31D0F9F710FF1F
:1085D000A0EB0900B04218D8BEB120680168490775
:1085E00026D5802D24D0402D22D0C169C94309074A
:1085F0000DD4082505622046FFF7ECFAC4F8905028
:10860000012084F88480BDE8F0870320FBE7C0697F
:10861000C04300050CD421684FF400600862204676
:10862000FFF7D8FA2021C4F8901084F88480ECE792
:108630002068C06935EA000004D00020B842C3D0E9
:108640000020E0E70120F9E70148FCF74DBA0000FF
:10865000100500240148FCF747BA0000A4050024D7
:10866000FEE7090700284FEA116104DB00F1E02072
:1086700080F80014704700F00F0000F1E02080F84F
:10868000141D704730380A2801D20120704700209D
:10869000704700001FB500240094019402940394D5
:1086A000FAF788F901258DF80C501F208DF8080085
:1086B00087218DF809108DF80D5068468DF800500F
:1086C0008DF80A408DF80E408DF8014001948DF828
:1086D0000B408DF80F40FAF73FF90420FAF778F9CC
:1086E000FAF7ECF8FEF710FCFDF7D2FAFDF7F8FB0D
:1086F000FDF744FCFDF768FBFDF792FBFDF762FC1C
:10870000FDF794FCFDF7C6FCFDF7B6FBF8F740FD5E
:108710000020FDF72DFDFDF7CDFD0E4880F835500A
:10872000FDF72EFE08B9FDF70BFF0B48FCF78CFF99
:10873000FCF714FFFDF720F80848F8F759FBF8F7A5
:108740002BFC0748FBF79CFE08B172B6FEE7F8F772
:1087500079FCFCE72800002410050024A40500246F
:10876000C404002410B500290AD00878002807D0D6
:1087700005487844F8F7C8FA002801D0002010BD59
:108780000248784410BD0000BA060000B20600009E
:108790004FF04070E1EE100A704755AF8401008938
:1087A00055AF0401000955AF0001000555AF0801A0
:1087B000051255AF0A01031200000000000000007E
:1087C0000000000000000000000000F800000000B1
:1087D000000000333000000000100C06100C0600F2
:1087E000000000000000000040C07840C078400059
:1087F000043F04043F040400007088FC08300000BB
:10880000001820FF211E0000F008F000E018000012
:1088100000211C031E211E0000F0088870000000CB
:108820001E2123241927211010160E00000000001D
:108830000000000000000000000000E0180402003A
:10884000000000071820400000020418E0000000AB
:108850000040201807000000404080F080404000A9
:108860000202010F01020200000000F000000000FF
:108870000101011F010101000000000000000000D3
:1088800080B0700000000000000000000000000048
:1088900000010101010101010000000000000000D1
:1088A000003030000000000000000000806018046C
:1088B000006018060100000000E010080810E00049
:1088C000000F102020100F00001010F80000000012
:1088D0000020203F20200000007008080888700059
:1088E00000302824222130000030088888483000D9
:1088F0000018202020110E000000C02010F80000F9
:1089000000070424243F240000F808888808080091
:108910000019212020110E0000E0108888180000A6
:10892000000F112020110E0000380808C838080078
:108930000000003F000000000070880808887000F8
:10894000001C222121221C0000E010080810E00079
:108950000000312222110F00000000C0C000000002
:108960000000003030000000000000800000000027
:10897000000080600000000000008040201008001F
:1089800000010204081020004040404040404000E8
:1089900004040404040404000008102040800000C3
:1089A0000020100804020100007048080808F000C8
:1089B0000000003036010000C030C828E810E00098
:1089C0000718272423140B000000C038E000000023
:1089D000203C23020227382008F88888887000008D
:1089E000203F202020110E00C03008080808380061
:1089F000071820202010080008F808080810E000D8
:108A0000203F202020100F0008F88888E808100078
:108A1000203F20202320180008F88888E80810004C
:108A2000203F200003000000C03008080838000084
:108A300007182020221E020008F808000008F80885
:108A4000203F210101213F20000808F8080800000C
:108A50000020203F2020000000000808F80808003F
:108A6000C08080807F00000008F888C028180800B7
:108A7000203F20012638200008F8080000000000F0
:108A8000203F20202020300008F8F800F8F80800E7
:108A9000203F003F003F200008F830C00008F808E1
:108AA000203F200007183F00E01008080810E000F1
:108AB0000F10202020100F0008F808080808F00008
:108AC000203F210101010000E01008080810E0002B
:108AD0000F18242438504F0008F8888888887000C0
:108AE000203F2000030C3020007088080808380060
:108AF0000038202121221C00180808F80808180056
:108B00000000203F2000000008F808000008F808D6
:108B1000001F202020201F000878880000C8380887
:108B2000000007380E010000F80800F80008F800FF
:108B3000033C0700073C0300081868808068180899
:108B400020302C03032C30200838C800C838080017
:108B50000000203F2000000010080808C838080066
:108B60002038262120201800000000FE020202000A
:108B70000000007F40404000000C30C000000000BA
:108B8000000000010638C00000020202FE000000E2
:108B9000004040407F000000000004020202040088
:108BA00000000000000000000000000000000000C5
:108BB00080808080808080800002020400000000AD
:108BC00000000000000000000000808080800000A5
:108BD0000019242222223F2008F800808000000093
:108BE000003F112020110E00000000808080000056
:108BF000000E112020201100000000808088F80065
:108C0000000E112020103F20000080808080000096
:108C1000001F222222221300008080F088888818FA
:108C20000020203F20200000000080808080800005
:108C3000006B94949493600008F80080808000009A
:108C4000203F210000203F20008098980000000075
:108C50000020203F202000000000008098980000A5
:108C600000C08080807F000008F8000080808000C5
:108C7000203F24022D302000000808F800000000EA
:108C80000020203F202000008080808080808000A5
:108C9000203F20003F20003F808000808080000037
:108CA000203F210000203F200000808080800000C5
:108CB000001F202020201F008080008080000000F6
:108CC00080FFA12020110E00000000808080800025
:108CD000000E112020A0FF80808080008080800016
:108CE00020203F2120000100000080808080800043
:108CF0000033242424241900008080E080800000B8
:108D00000000001F20200000808000000080800004
:108D1000001F202020103F20808080000080808065
:108D200000010E30080601008080008000808080F5
:108D30000F300C030C300F0000808000808080001A
:108D40000020312E0E312000808080000080808045
:108D500080818E70180601000080808080808000F5
:108D60000021302C2221300000000000807C020213
:108D700000000000003F404000000000FF00000035
:108D800000000000FF0000000002027C80000000E4
:108D90000040403F00000000000601010202040400
:108DA0000000000000000000AED580A83FD30040C6
:108DB000A1C8DA1281CFD9F1DB30A4A68D14AF009F
:108DC000010002000400060008000A000C00100068
:108DD00020004000800000010101010307010000A4
:108DE000080402040801010100000000010203045C
:108DF000010203040607080904000008000000003F
:108E00000000000200010000100000003C8F00087C
:108E10000000002470010000D40200086C8F0008DC
:108E200070010024C00B0000300300081001000096
:108E300043000000F8FFFFFF00404040404040403A
:108E4000404041414141414040404040404040401D
:108E500040404040404040404005020202020202C1
:108E60000202020202020202022020202020202010
:108E70002020200202020202020290909090909024
:108E800010101010101010101010101010101010E2
:108E90001010101002020202020288888888888856
:108EA0000808080808080808080808080808080842
:108EB000080808080202020240000000000000004A
:108EC00000000000000000000000000000000000A2
:108ED0000000000000000000000000000000000092
:108EE0000000000000000000000000000000000082
:108EF0000000000000000000000000000000000072
:108F00000000000000000000000000000000000061
:108F10000000000000000000000000000000000051
:108F20000000000000000000000000000000000041
:108F3000000000000000000000000000012942FFC6
:108F4000142D2DFF9A010101264BF40102013C363C
:108F500056FFFFFF371A8808021B2D1AF1201AEC62
:0C8F600004018429F182102C90D003043D
:040000050800029954
:00000001FF
